Protocollo;Gruppo;DataOraIncidente;Localizzazione1;STRADA1;Localizzazione2;STRADA2;Strada02;Chilometrica;DaSpecificare;NaturaIncidente;particolaritastrade;TipoStrada;FondoStradale;Pavimentazione;Segnaletica;CondizioneAtmosferica;Traffico;Visibilita;Illuminazione;NUM_FERITI;NUM_RISERVATA;NUM_MORTI;NUM_ILLESI;Longitudine;Latitudine;Confermato;Progressivo;TipoVeicolo;StatoVeicolo;TipoPersona;Sesso;Tipolesione;Deceduto;DecedutoDopo;CinturaCascoUtilizzato;Airbag
3625552;12;04/01/2018 11:30;Strada Urbana;VIALE CAMILLO SABATINI;in prossimità;;del civico n.;111;;Scontro frontale/laterale SX fra veicoli in marcia;Rettilineo;Due carreggiate;Asciutto;Asfaltata;Verticale ed orizzontale;Sereno;Normale;Buona;Ore Diurne;0;0;0;4;12,44146;41,8193;-1;1;Autovettura privata;In marcia / fermata / arresto;Conducente;M;Illeso;0;;Utilizzato;Inesploso
3625552;12;04/01/2018 11:30;Strada Urbana;VIALE CAMILLO SABATINI;in prossimità;;del civico n.;111;;Scontro frontale/laterale SX fra veicoli in marcia;Rettilineo;Due carreggiate;Asciutto;Asfaltata;Verticale ed orizzontale;Sereno;Normale;Buona;Ore Diurne;0;0;0;4;12,44146;41,8193;-1;2;Autovettura privata;In marcia / fermata / arresto;Conducente;F;Illeso;0;;;
3625552;12;04/01/2018 11:30;Strada Urbana;VIALE CAMILLO SABATINI;in prossimità;;del civico n.;111;;Scontro frontale/laterale SX fra veicoli in marcia;Rettilineo;Due carreggiate;Asciutto;Asfaltata;Verticale ed orizzontale;Sereno;Normale;Buona;Ore Diurne;0;0;0;4;12,44146;41,8193;-1;2;Autovettura privata;In marcia / fermata / arresto;Passeggero;F;Illeso;0;;Utilizzato;
3625552;12;04/01/2018 11:30;Strada Urbana;VIALE CAMILLO SABATINI;in prossimità;;del civico n.;111;;Scontro frontale/laterale SX fra veicoli in marcia;Rettilineo;Due carreggiate;Asciutto;Asfaltata;Verticale ed orizzontale;Sereno;Normale;Buona;Ore Diurne;0;0;0;4;12,44146;41,8193;-1;2;Autovettura privata;In marcia / fermata / arresto;Passeggero;F;Illeso;0;;Utilizzato;
3625558;10;04/01/2018 14:30;Statale entro l'abitato;VIA TUSCOLANA;da specificare;;;;tratto raccordo Anagnina Tuscolana;Tamponamento Multiplo;Rettilineo;Una carreggiata a senso unico di marcia;Asciutto;Asfaltata;Verticale ed orizzontale;Nuvoloso;Normale;Buona;Ore Diurne;0;0;0;6;12,59198;41,83851;-1;1;Autovettura privata;In marcia / fermata / arresto;Conducente;M;Illeso;0;;Non accertato;Inesistente
3625558;10;04/01/2018 14:30;Statale entro l'abitato;VIA TUSCOLANA;da specificare;;;;tratto raccordo Anagnina Tuscolana;Tamponamento Multiplo;Rettilineo;Una carreggiata a senso unico di marcia;Asciutto;Asfaltata;Verticale ed orizzontale;Nuvoloso;Normale;Buona;Ore Diurne;0;0;0;6;12,59198;41,83851;-1;1;Autovettura privata;In marcia / fermata / arresto;Passeggero;F;Illeso;0;;Non accertato;Inesploso
3625558;10;04/01/2018 14:30;Statale entro l'abitato;VIA TUSCOLANA;da specificare;;;;tratto raccordo Anagnina Tuscolana;Tamponamento Multiplo;Rettilineo;Una carreggiata a senso unico di marcia;Asciutto;Asfaltata;Verticale ed orizzontale;Nuvoloso;Normale;Buona;Ore Diurne;0;0;0;6;12,59198;41,83851;-1;2;Autovettura privata;In marcia / fermata / arresto;Conducente;F;Illeso;0;;Non accertato;Inesploso
3625558;10;04/01/2018 14:30;Statale entro l'abitato;VIA TUSCOLANA;da specificare;;;;tratto raccordo Anagnina Tuscolana;Tamponamento Multiplo;Rettilineo;Una carreggiata a senso unico di marcia;Asciutto;Asfaltata;Verticale ed orizzontale;Nuvoloso;Normale;Buona;Ore Diurne;0;0;0;6;12,59198;41,83851;-1;2;Autovettura privata;In marcia / fermata / arresto;Passeggero;F;Illeso;0;;Non accertato;Inesploso
3625558;10;04/01/2018 14:30;Statale entro l'abitato;VIA TUSCOLANA;da specificare;;;;tratto raccordo Anagnina Tuscolana;Tamponamento Multiplo;Rettilineo;Una carreggiata a senso unico di marcia;Asciutto;Asfaltata;Verticale ed orizzontale;Nuvoloso;Normale;Buona;Ore Diurne;0;0;0;6;12,59198;41,83851;-1;3;Autovettura privata;In marcia / fermata / arresto;Conducente;M;Illeso;0;;Non accertato;Inesploso
3625558;10;04/01/2018 14:30;Statale entro l'abitato;VIA TUSCOLANA;da specificare;;;;tratto raccordo Anagnina Tuscolana;Tamponamento Multiplo;Rettilineo;Una carreggiata a senso unico di marcia;Asciutto;Asfaltata;Verticale ed orizzontale;Nuvoloso;Normale;Buona;Ore Diurne;0;0;0;6;12,59198;41,83851;-1;4;Autovettura privata;In marcia / fermata / arresto;Conducente;M;Illeso;0;;Non accertato;Inesploso
3625592;2;04/01/2018 10:45;Strada Urbana;LUNGOTEVERE DELLE NAVI;da specificare;;;;fronte VIA G.V. GRAVINA;Tamponamento;Rettilineo;Una carreggiata a senso unico di marcia;Asciutto;Asfaltata;Verticale ed orizzontale;Sereno;Normale;Buona;Ore Diurne;1;0;0;3;12,47158;41,91664;-1;1;Autovettura privata;In marcia / fermata / arresto;Conducente;M;Illeso;0;;Non accertato;Inesploso
3625592;2;04/01/2018 10:45;Strada Urbana;LUNGOTEVERE DELLE NAVI;da specificare;;;;fronte VIA G.V. GRAVINA;Tamponamento;Rettilineo;Una carreggiata a senso unico di marcia;Asciutto;Asfaltata;Verticale ed orizzontale;Sereno;Normale;Buona;Ore Diurne;1;0;0;3;12,47158;41,91664;-1;1;Autovettura privata;In marcia / fermata / arresto;Passeggero;F;Illeso;0;;Non accertato;Inesploso
3625592;2;04/01/2018 10:45;Strada Urbana;LUNGOTEVERE DELLE NAVI;da specificare;;;;fronte VIA G.V. GRAVINA;Tamponamento;Rettilineo;Una carreggiata a senso unico di marcia;Asciutto;Asfaltata;Verticale ed orizzontale;Sereno;Normale;Buona;Ore Diurne;1;0;0;3;12,47158;41,91664;-1;1;Autovettura privata;In marcia / fermata / arresto;Passeggero;M;Illeso;0;;Non accertato;Inesploso
3625592;2;04/01/2018 10:45;Strada Urbana;LUNGOTEVERE DELLE NAVI;da specificare;;;;fronte VIA G.V. GRAVINA;Tamponamento;Rettilineo;Una carreggiata a senso unico di marcia;Asciutto;Asfaltata;Verticale ed orizzontale;Sereno;Normale;Buona;Ore Diurne;1;0;0;3;12,47158;41,91664;-1;2;Motociclo a solo;In marcia / fermata / arresto;Conducente;M;Rimandato;0;NON DECEDUTO;Non accertato;
3625634;16;03/01/2018 19:10;Strada Urbana;VIA PIO FOA';in corrispondenza;;del civico n.;35;;Scontro frontale/laterale SX fra veicoli in marcia;Rettilineo;Una carreggiata a doppio senso;Asciutto;Asfaltata;Verticale ed orizzontale;Sereno;Normale;Buona;Sufficiente;0;0;0;2;12,44948;41,87976;-1;1;Motociclo a solo;In marcia / fermata / arresto;Conducente;M;Illeso;0;;Non accertato;
3625634;16;03/01/2018 19:10;Strada Urbana;VIA PIO FOA';in corrispondenza;;del civico n.;35;;Scontro frontale/laterale SX fra veicoli in marcia;Rettilineo;Una carreggiata a doppio senso;Asciutto;Asfaltata;Verticale ed orizzontale;Sereno;Normale;Buona;Sufficiente;0;0;0;2;12,44948;41,87976;-1;2;Autovettura privata;In marcia / fermata / arresto;Conducente;M;Illeso;0;;Non accertato;
3625645;17;04/01/2018 13:55;Strada Urbana;VIA DEGLI SCIPIONI;all'intersezione con;VIA SILLA;VIA SILLA;;;Investimento di pedone;Intersezione stradale segnalata;Una carreggiata a senso unico di marcia;Asciutto;Asfaltata;Verticale ed orizzontale;Sereno;Normale;Buona;Ore Diurne;1;0;0;1;12,45946;41,90889;-1;;;;Pedone;M;Rimandato;0;NON DECEDUTO;;
3625645;17;04/01/2018 13:55;Strada Urbana;VIA DEGLI SCIPIONI;all'intersezione con;VIA SILLA;VIA SILLA;;;Investimento di pedone;Intersezione stradale segnalata;Una carreggiata a senso unico di marcia;Asciutto;Asfaltata;Verticale ed orizzontale;Sereno;Normale;Buona;Ore Diurne;1;0;0;1;12,45946;41,90889;-1;1;Autovettura privata;In marcia / fermata / arresto;Conducente;M;Illeso;0;;Non accertato;
3625655;16;04/01/2018 01:00;Strada Urbana;VIA PORTUENSE;in corrispondenza;;del civico n.;451;;Scontro laterale fra veicoli in marcia;Rettilineo;Una carreggiata a doppio senso;Bagnato (umidità in atto);Asfaltata;Assente;Sereno;Normale;Sufficiente;Sufficiente;0;0;0;3;12,45335;41,86227;-1;1;Autovettura privata;In marcia / fermata / arresto;Conducente;M;Illeso;0;;Non accertato;Inesploso
3625655;16;04/01/2018 01:00;Strada Urbana;VIA PORTUENSE;in corrispondenza;;del civico n.;451;;Scontro laterale fra veicoli in marcia;Rettilineo;Una carreggiata a doppio senso;Bagnato (umidità in atto);Asfaltata;Assente;Sereno;Normale;Sufficiente;Sufficiente;0;0;0;3;12,45335;41,86227;-1;2;Autovettura di polizia;In marcia / fermata / arresto;Conducente;M;Illeso;0;;Non accertato;Inesploso
3625655;16;04/01/2018 01:00;Strada Urbana;VIA PORTUENSE;in corrispondenza;;del civico n.;451;;Scontro laterale fra veicoli in marcia;Rettilineo;Una carreggiata a doppio senso;Bagnato (umidità in atto);Asfaltata;Assente;Sereno;Normale;Sufficiente;Sufficiente;0;0;0;3;12,45335;41,86227;-1;2;Autovettura di polizia;In marcia / fermata / arresto;Passeggero;M;Illeso;0;;Non accertato;Inesploso
3625667;16;04/01/2018 01:05;Strada Urbana;LARGO EMANUELE RUSPOLI;in corrispondenza;;del palo luce n.;1;;Scontro frontale/laterale SX fra veicoli in marcia;Rettilineo;Una carreggiata a doppio senso;Bagnato (umidità in atto);Asfaltata;Orizzontale;Sereno;Scarso;Sufficiente;Sufficiente;0;0;0;3;12,45543;41,85801;-1;1;Autovettura di polizia;In marcia / fermata / arresto;Conducente;M;Illeso;0;;Non accertato;Inesploso
3625667;16;04/01/2018 01:05;Strada Urbana;LARGO EMANUELE RUSPOLI;in corrispondenza;;del palo luce n.;1;;Scontro frontale/laterale SX fra veicoli in marcia;Rettilineo;Una carreggiata a doppio senso;Bagnato (umidità in atto);Asfaltata;Orizzontale;Sereno;Scarso;Sufficiente;Sufficiente;0;0;0;3;12,45543;41,85801;-1;1;Autovettura di polizia;In marcia / fermata / arresto;Passeggero;M;Illeso;0;;Non accertato;Inesploso
3625667;16;04/01/2018 01:05;Strada Urbana;LARGO EMANUELE RUSPOLI;in corrispondenza;;del palo luce n.;1;;Scontro frontale/laterale SX fra veicoli in marcia;Rettilineo;Una carreggiata a doppio senso;Bagnato (umidità in atto);Asfaltata;Orizzontale;Sereno;Scarso;Sufficiente;Sufficiente;0;0;0;3;12,45543;41,85801;-1;2;Motociclo a solo;In marcia / fermata / arresto;Conducente;M;Illeso;0;;Non accertato;
3625775;2;01/01/2018 03:15;Strada Urbana;VIA DEL FORO ITALICO;da specificare;;;;alt. rampa di immissione da SALARIA dir. S. GIOVAN;Scontro laterale fra veicoli in marcia;Rettilineo;Due carreggiate;Asciutto;Asfaltata;Verticale ed orizzontale;Sereno;Scarso;Sufficiente;Sufficiente;0;0;0;5;12,48375;41,93991;-1;1;Autovettura privata;In marcia / fermata / arresto;Conducente;M;Illeso;0;;Non accertato;Inesploso
3625775;2;01/01/2018 03:15;Strada Urbana;VIA DEL FORO ITALICO;da specificare;;;;alt. rampa di immissione da SALARIA dir. S. GIOVAN;Scontro laterale fra veicoli in marcia;Rettilineo;Due carreggiate;Asciutto;Asfaltata;Verticale ed orizzontale;Sereno;Scarso;Sufficiente;Sufficiente;0;0;0;5;12,48375;41,93991;-1;1;Autovettura privata;In marcia / fermata / arresto;Passeggero;F;Illeso;0;;Non accertato;Inesploso
3625775;2;01/01/2018 03:15;Strada Urbana;VIA DEL FORO ITALICO;da specificare;;;;alt. rampa di immissione da SALARIA dir. S. GIOVAN;Scontro laterale fra veicoli in marcia;Rettilineo;Due carreggiate;Asciutto;Asfaltata;Verticale ed orizzontale;Sereno;Scarso;Sufficiente;Sufficiente;0;0;0;5;12,48375;41,93991;-1;1;Autovettura privata;In marcia / fermata / arresto;Passeggero;F;Illeso;0;;Non accertato;Inesploso
3625775;2;01/01/2018 03:15;Strada Urbana;VIA DEL FORO ITALICO;da specificare;;;;alt. rampa di immissione da SALARIA dir. S. GIOVAN;Scontro laterale fra veicoli in marcia;Rettilineo;Due carreggiate;Asciutto;Asfaltata;Verticale ed orizzontale;Sereno;Scarso;Sufficiente;Sufficiente;0;0;0;5;12,48375;41,93991;-1;1;Autovettura privata;In marcia / fermata / arresto;Passeggero;M;Illeso;0;;Non accertato;Inesploso
3625775;2;01/01/2018 03:15;Strada Urbana;VIA DEL FORO ITALICO;da specificare;;;;alt. rampa di immissione da SALARIA dir. S. GIOVAN;Scontro laterale fra veicoli in marcia;Rettilineo;Due carreggiate;Asciutto;Asfaltata;Verticale ed orizzontale;Sereno;Scarso;Sufficiente;Sufficiente;0;0;0;5;12,48375;41,93991;-1;2;Autovettura privata;In marcia / fermata / arresto;Conducente;M;Illeso;0;;Non accertato;Inesploso
3625778;6;04/01/2018 15:15;Strada Urbana;VIA TEANO;in prossimità;;del civico n.;10;;Tamponamento Multiplo;Curva a visuale libera;Una carreggiata a doppio senso;Asciutto;Asfaltata;Assente;Sereno;Normale;Buona;Ore Diurne;1;0;0;3;12,54417;41,89067;-1;1;Autovettura privata;In marcia / fermata / arresto;Conducente;M;Illeso;0;;Non accertato;Inesploso
3625778;6;04/01/2018 15:15;Strada Urbana;VIA TEANO;in prossimità;;del civico n.;10;;Tamponamento Multiplo;Curva a visuale libera;Una carreggiata a doppio senso;Asciutto;Asfaltata;Assente;Sereno;Normale;Buona;Ore Diurne;1;0;0;3;12,54417;41,89067;-1;2;Autovettura privata;In marcia / fermata / arresto;Conducente;M;Illeso;0;;Non accertato;Inesploso
3625778;6;04/01/2018 15:15;Strada Urbana;VIA TEANO;in prossimità;;del civico n.;10;;Tamponamento Multiplo;Curva a visuale libera;Una carreggiata a doppio senso;Asciutto;Asfaltata;Assente;Sereno;Normale;Buona;Ore Diurne;1;0;0;3;12,54417;41,89067;-1;3;Autovettura privata;In marcia / fermata / arresto;Conducente;F;Illeso;0;;Non accertato;Inesploso
3625778;6;04/01/2018 15:15;Strada Urbana;VIA TEANO;in prossimità;;del civico n.;10;;Tamponamento Multiplo;Curva a visuale libera;Una carreggiata a doppio senso;Asciutto;Asfaltata;Assente;Sereno;Normale;Buona;Ore Diurne;1;0;0;3;12,54417;41,89067;-1;4;Motociclo a solo;In marcia / fermata / arresto;Conducente;M;Rimandato;0;NON DECEDUTO;Non accertato;
3625799;17;04/01/2018 11:55;Strada Urbana;VIA MONTE SANTO;all'intersezione con;VIA SABOTINO;VIA SABOTINO;;;Scontro frontale/laterale SX fra veicoli in marcia;Intersezione stradale segnalata;Una carreggiata a senso unico di marcia;Asciutto;Asfaltata;Verticale ed orizzontale;Sereno;Normale;Buona;Ore Diurne;1;0;0;3;;;0;1;Autovettura privata;In marcia / fermata / arresto;Conducente;M;Illeso;0;;;
3625799;17;04/01/2018 11:55;Strada Urbana;VIA MONTE SANTO;all'intersezione con;VIA SABOTINO;VIA SABOTINO;;;Scontro frontale/laterale SX fra veicoli in marcia;Intersezione stradale segnalata;Una carreggiata a senso unico di marcia;Asciutto;Asfaltata;Verticale ed orizzontale;Sereno;Normale;Buona;Ore Diurne;1;0;0;3;;;0;1;Autovettura privata;In marcia / fermata / arresto;Passeggero;M;Rimandato;0;NON DECEDUTO;;
3625799;17;04/01/2018 11:55;Strada Urbana;VIA MONTE SANTO;all'intersezione con;VIA SABOTINO;VIA SABOTINO;;;Scontro frontale/laterale SX fra veicoli in marcia;Intersezione stradale segnalata;Una carreggiata a senso unico di marcia;Asciutto;Asfaltata;Verticale ed orizzontale;Sereno;Normale;Buona;Ore Diurne;1;0;0;3;;;0;1;Autovettura privata;In marcia / fermata / arresto;Passeggero;F;Illeso;0;;;
3625799;17;04/01/2018 11:55;Strada Urbana;VIA MONTE SANTO;all'intersezione con;VIA SABOTINO;VIA SABOTINO;;;Scontro frontale/laterale SX fra veicoli in marcia;Intersezione stradale segnalata;Una carreggiata a senso unico di marcia;Asciutto;Asfaltata;Verticale ed orizzontale;Sereno;Normale;Buona;Ore Diurne;1;0;0;3;;;0;2;Motociclo a solo;In marcia / fermata / arresto;Conducente;M;Illeso;0;;;
3625807;19;04/01/2018 07:00;Strada Urbana;VIA NERVIANO;all'intersezione con;PIAZZA NOVATE MILANESE;PIAZZA NOVATE MILANESE;;;Scontro frontale/laterale DX fra veicoli in marcia;Incrocio;Due carreggiate;Asciutto;Asfaltata;Verticale;Sereno;Scarso;Buona;Ore Diurne;0;0;0;3;12,38869;41,94643;-1;1;Autovettura privata;In marcia / fermata / arresto;Conducente;M;Illeso;0;;Non accertato;Inesploso
3625807;19;04/01/2018 07:00;Strada Urbana;VIA NERVIANO;all'intersezione con;PIAZZA NOVATE MILANESE;PIAZZA NOVATE MILANESE;;;Scontro frontale/laterale DX fra veicoli in marcia;Incrocio;Due carreggiate;Asciutto;Asfaltata;Verticale;Sereno;Scarso;Buona;Ore Diurne;0;0;0;3;12,38869;41,94643;-1;1;Autovettura privata;In marcia / fermata / arresto;Passeggero;F;Illeso;0;;Non accertato;Inesploso
3625807;19;04/01/2018 07:00;Strada Urbana;VIA NERVIANO;all'intersezione con;PIAZZA NOVATE MILANESE;PIAZZA NOVATE MILANESE;;;Scontro frontale/laterale DX fra veicoli in marcia;Incrocio;Due carreggiate;Asciutto;Asfaltata;Verticale;Sereno;Scarso;Buona;Ore Diurne;0;0;0;3;12,38869;41,94643;-1;2;Autovettura privata;In marcia / fermata / arresto;Conducente;M;Illeso;0;;Non accertato;Inesploso
3625821;13;04/01/2018 09:00;Strada Urbana;VIA DELLA CORAZZATA;all'intersezione con;VIA DELL'IDROVOLANTE;VIA DELL'IDROVOLANTE;;;Scontro frontale/laterale SX fra veicoli in marcia;Incrocio;Una carreggiata a doppio senso;Asciutto;Asfaltata;Assente;Sereno;Normale;Buona;Ore Diurne;1;0;0;1;12,26379;41,73644;-1;1;Autovettura privata;In marcia / fermata / arresto;Conducente;M;Illeso;0;;Non accertato;Esploso
3625821;13;04/01/2018 09:00;Strada Urbana;VIA DELLA CORAZZATA;all'intersezione con;VIA DELL'IDROVOLANTE;VIA DELL'IDROVOLANTE;;;Scontro frontale/laterale SX fra veicoli in marcia;Incrocio;Una carreggiata a doppio senso;Asciutto;Asfaltata;Assente;Sereno;Normale;Buona;Ore Diurne;1;0;0;1;12,26379;41,73644;-1;2;Autovettura privata;In marcia / fermata / arresto;Conducente;F;Rimandato;0;NON DECEDUTO;Non accertato;Inesploso
3625822;13;04/01/2018 11:15;;VIA DI ACILIA;in corrispondenza;;del civico n.;24;;Tamponamento;;;;;;;;;;0;0;0;4;12,36478;41,78346;0;1;Autovettura privata;In marcia / fermata / arresto;Conducente;F;Illeso;0;;;
3625822;13;04/01/2018 11:15;;VIA DI ACILIA;in corrispondenza;;del civico n.;24;;Tamponamento;;;;;;;;;;0;0;0;4;12,36478;41,78346;0;2;Autovettura privata;In marcia / fermata / arresto;Conducente;F;Illeso;0;;;
3625822;13;04/01/2018 11:15;;VIA DI ACILIA;in corrispondenza;;del civico n.;24;;Tamponamento;;;;;;;;;;0;0;0;4;12,36478;41,78346;0;2;Autovettura privata;In marcia / fermata / arresto;Passeggero;F;Illeso;0;;;
3625822;13;04/01/2018 11:15;;VIA DI ACILIA;in corrispondenza;;del civico n.;24;;Tamponamento;;;;;;;;;;0;0;0;4;12,36478;41,78346;0;2;Autovettura privata;In marcia / fermata / arresto;Passeggero;F;Illeso;0;;;
3625824;19;04/01/2018 09:30;Strada Urbana;VIA FANNY TACCHINARDI;in prossimità;;del civico n.;40;;Investimento di pedone;Rettilineo;Una carreggiata a senso unico di marcia;Asciutto;Asfaltata;Orizzontale;Sereno;Scarso;Buona;Ore Diurne;1;0;0;1;12,42064;41,92582;-1;;;;Pedone;F;Rifiuta cure immediate;0;NON DECEDUTO;;
3625824;19;04/01/2018 09:30;Strada Urbana;VIA FANNY TACCHINARDI;in prossimità;;del civico n.;40;;Investimento di pedone;Rettilineo;Una carreggiata a senso unico di marcia;Asciutto;Asfaltata;Orizzontale;Sereno;Scarso;Buona;Ore Diurne;1;0;0;1;12,42064;41,92582;-1;1;Autovettura privata;In marcia / fermata / arresto;Conducente;F;Illeso;0;;Non accertato;Inesploso
3625830;19;04/01/2018 14:40;Strada Urbana;VIA TRIONFALE;all'intersezione con;VIA BENEDETTO BACCHINI;VIA BENEDETTO BACCHINI;;;Scontro frontale/laterale DX fra veicoli in marcia;Intersezione non regolata/non segnalata;Una carreggiata a doppio senso;Asciutto;Asfaltata;Orizzontale;Sereno;Normale;Buona;Ore Diurne;0;0;0;2;12,42294;41,94086;-1;1;Autovettura privata;In marcia / fermata / arresto;Conducente;M;Illeso;0;;Non accertato;Inesploso
3625830;19;04/01/2018 14:40;Strada Urbana;VIA TRIONFALE;all'intersezione con;VIA BENEDETTO BACCHINI;VIA BENEDETTO BACCHINI;;;Scontro frontale/laterale DX fra veicoli in marcia;Intersezione non regolata/non segnalata;Una carreggiata a doppio senso;Asciutto;Asfaltata;Orizzontale;Sereno;Normale;Buona;Ore Diurne;0;0;0;2;12,42294;41,94086;-1;2;Autovettura privata;In marcia / fermata / arresto;Conducente;M;Illeso;0;;Non accertato;Inesploso
3625835;10;04/01/2018 16:55;Strada Urbana;VIA BERNARDINO ALIMENA;in corrispondenza;;del civico n.;6;;Scontro laterale fra veicoli in marcia;Rettilineo;Una carreggiata a doppio senso;Asciutto;Asfaltata;Orizzontale;Nuvoloso;Normale;Buona;Ore Diurne;0;0;0;2;12,5975;41,84855;-1;1;Autovettura privata;In marcia / fermata / arresto;Conducente;M;Illeso;0;;Non accertato;Inesistente
3625835;10;04/01/2018 16:55;Strada Urbana;VIA BERNARDINO ALIMENA;in corrispondenza;;del civico n.;6;;Scontro laterale fra veicoli in marcia;Rettilineo;Una carreggiata a doppio senso;Asciutto;Asfaltata;Orizzontale;Nuvoloso;Normale;Buona;Ore Diurne;0;0;0;2;12,5975;41,84855;-1;2;Autovettura privata;In marcia / fermata / arresto;Conducente;F;Illeso;0;;Non accertato;Inesploso
3625836;19;04/01/2018 10:30;Strada Urbana;VIA CARDINAL D'AVANZO;in corrispondenza;;del civico n.;26;;Veicolo in marcia contro veicolo fermo;Rettilineo;Due carreggiate;Asciutto;Asfaltata;Verticale;Sereno;Scarso;Buona;Ore Diurne;1;0;0;1;12,41477;41,9244;-1;1;Motociclo a solo;In marcia / fermata / arresto;Conducente;M;Rifiuta cure immediate;0;NON DECEDUTO;Non accertato;
3625836;19;04/01/2018 10:30;Strada Urbana;VIA CARDINAL D'AVANZO;in corrispondenza;;del civico n.;26;;Veicolo in marcia contro veicolo fermo;Rettilineo;Due carreggiate;Asciutto;Asfaltata;Verticale;Sereno;Scarso;Buona;Ore Diurne;1;0;0;1;12,41477;41,9244;-1;2;Autovettura privata;In marcia / fermata / arresto;Conducente;F;Illeso;0;;Non accertato;Inesploso
3625842;2;04/01/2018 16:25;Strada Urbana;LUNGOTEVERE SALVO D'ACQUISTO;all'intersezione con;VIA URUGUAY;VIA URUGUAY;;;Scontro frontale/laterale DX fra veicoli in marcia;Incrocio;Una carreggiata a doppio senso;Asciutto;Asfaltata;Verticale ed orizzontale;Sereno;Normale;Buona;Ore Diurne;0;0;0;2;12,46969;41,93504;-1;1;Motociclo a solo;In marcia / fermata / arresto;Conducente;M;Illeso;0;;Non accertato;
3625842;2;04/01/2018 16:25;Strada Urbana;LUNGOTEVERE SALVO D'ACQUISTO;all'intersezione con;VIA URUGUAY;VIA URUGUAY;;;Scontro frontale/laterale DX fra veicoli in marcia;Incrocio;Una carreggiata a doppio senso;Asciutto;Asfaltata;Verticale ed orizzontale;Sereno;Normale;Buona;Ore Diurne;0;0;0;2;12,46969;41,93504;-1;2;Autovettura privata;In marcia / fermata / arresto;Conducente;M;Illeso;0;;Non accertato;Inesploso
3625845;13;04/01/2018 11:45;Strada Urbana;VIA CARLO CASINI;all'intersezione con;VIA PIETRO BENEDETTI;VIA PIETRO BENEDETTI;;;Scontro frontale/laterale SX fra veicoli in marcia;Incrocio;Una carreggiata a senso unico di marcia;Asciutto;Asfaltata;Verticale;Sereno;Normale;Buona;Ore Diurne;0;0;0;3;12,33742;41,78232;-1;1;Autovettura privata;In marcia / fermata / arresto;Conducente;F;Illeso;0;;Non accertato;Inesploso
3625845;13;04/01/2018 11:45;Strada Urbana;VIA CARLO CASINI;all'intersezione con;VIA PIETRO BENEDETTI;VIA PIETRO BENEDETTI;;;Scontro frontale/laterale SX fra veicoli in marcia;Incrocio;Una carreggiata a senso unico di marcia;Asciutto;Asfaltata;Verticale;Sereno;Normale;Buona;Ore Diurne;0;0;0;3;12,33742;41,78232;-1;2;Autovettura privata;In marcia / fermata / arresto;Conducente;M;Illeso;0;;Non accertato;Inesploso
3625845;13;04/01/2018 11:45;Strada Urbana;VIA CARLO CASINI;all'intersezione con;VIA PIETRO BENEDETTI;VIA PIETRO BENEDETTI;;;Scontro frontale/laterale SX fra veicoli in marcia;Incrocio;Una carreggiata a senso unico di marcia;Asciutto;Asfaltata;Verticale;Sereno;Normale;Buona;Ore Diurne;0;0;0;3;12,33742;41,78232;-1;2;Autovettura privata;In marcia / fermata / arresto;Passeggero;M;Illeso;0;;Non accertato;Inesploso
3625921;13;04/01/2018 15:45;Strada Urbana;VIA DI ACILIA;in corrispondenza;;del civico n.;219;;Scontro laterale fra veicoli in marcia;Rettilineo;Una carreggiata a doppio senso;Asciutto;Asfaltata;Verticale;Sereno;Normale;Buona;Ore Diurne;0;0;0;2;12,37047;41,77531;-1;1;Autovettura privata;In marcia / fermata / arresto;Conducente;M;Illeso;0;;Non accertato;Inesploso
3625921;13;04/01/2018 15:45;Strada Urbana;VIA DI ACILIA;in corrispondenza;;del civico n.;219;;Scontro laterale fra veicoli in marcia;Rettilineo;Una carreggiata a doppio senso;Asciutto;Asfaltata;Verticale;Sereno;Normale;Buona;Ore Diurne;0;0;0;2;12,37047;41,77531;-1;2;Autovettura privata;In marcia / fermata / arresto;Conducente;F;Illeso;0;;Non accertato;Inesploso
3626187;1;04/01/2018 13:45;Strada Urbana;VIA CASTELFIDARDO;in prossimità;;del civico n.;55;;Veicolo in marcia contro veicolo in sosta;Rettilineo;Una carreggiata a senso unico di marcia;Asciutto;Asfaltata;Verticale ed orizzontale;Sereno;Scarso;Buona;Ore Diurne;0;0;0;1;12,50224;41,90544;-1;1;Autovettura pubblica;In marcia / fermata / arresto;Conducente;M;Illeso;0;;;
3626192;11;04/01/2018 10:30;Strada Urbana;VIA SILVIO D'AMICO;in corrispondenza;;del civico n.;56;;Scontro frontale fra veicoli in marcia;Rettilineo;Due carreggiate;Asciutto;Asfaltata;Orizzontale;Sereno;Normale;Buona;Ore Diurne;0;0;0;2;12,47939;41,85097;-1;1;Autovettura privata;In marcia / fermata / arresto;Conducente;M;Illeso;0;;Non accertato;
3626192;11;04/01/2018 10:30;Strada Urbana;VIA SILVIO D'AMICO;in corrispondenza;;del civico n.;56;;Scontro frontale fra veicoli in marcia;Rettilineo;Due carreggiate;Asciutto;Asfaltata;Orizzontale;Sereno;Normale;Buona;Ore Diurne;0;0;0;2;12,47939;41,85097;-1;2;Autovettura privata;In marcia / fermata / arresto;Conducente;M;Illeso;0;;Non accertato;