Protocollo;Gruppo;DataOraIncidente;Localizzazione1;STRADA1;Localizzazione2;STRADA2;Strada02;Chilometrica;DaSpecificare;NaturaIncidente;particolaritastrade;TipoStrada;FondoStradale;Pavimentazione;Segnaletica;CondizioneAtmosferica;Traffico;Visibilita;Illuminazione;NUM_FERITI;NUM_RISERVATA;NUM_MORTI;NUM_ILLESI;Longitudine;Latitudine;Confermato;Progressivo;TipoVeicolo;StatoVeicolo;TipoPersona;Sesso;Tipolesione;Deceduto;DecedutoDopo;CinturaCascoUtilizzato;Airbag
3637419;13;13/01/2018 12:00;Strada Urbana;VIALE ENRICO ORTOLANI;da specificare;;;;fronte ingresso autorimessa Atac;Veicolo in marcia contro ostacolo fisso;Curva a visuale libera;Una carreggiata a doppio senso;Asciutto;Asfaltata;Assente;Sereno;Normale;Buona;Ore Diurne;0;0;0;1;12,33393;41,77184;-1;1;Autovettura privata;In marcia / fermata / arresto;Conducente;M;Illeso;0;;Non accertato;Inesploso
3637441;20;13/01/2018 14:10;Regionale entro l'abitato;VIA FLAMINIA;in prossimità;;del civico n.;855F;;Scontro laterale fra veicoli in marcia;Rettilineo;Due carreggiate;Asciutto;Asfaltata;Orizzontale;Sereno;Scarso;Buona;Ore Diurne;0;0;0;4;12,48154;41,95129;-1;1;Autovettura privata;In marcia / fermata / arresto;Conducente;M;Illeso;0;;Non accertato;
3637441;20;13/01/2018 14:10;Regionale entro l'abitato;VIA FLAMINIA;in prossimità;;del civico n.;855F;;Scontro laterale fra veicoli in marcia;Rettilineo;Due carreggiate;Asciutto;Asfaltata;Orizzontale;Sereno;Scarso;Buona;Ore Diurne;0;0;0;4;12,48154;41,95129;-1;2;Autovettura privata;In marcia / fermata / arresto;Conducente;M;Illeso;0;;Non accertato;
3637441;20;13/01/2018 14:10;Regionale entro l'abitato;VIA FLAMINIA;in prossimità;;del civico n.;855F;;Scontro laterale fra veicoli in marcia;Rettilineo;Due carreggiate;Asciutto;Asfaltata;Orizzontale;Sereno;Scarso;Buona;Ore Diurne;0;0;0;4;12,48154;41,95129;-1;2;Autovettura privata;In marcia / fermata / arresto;Passeggero;F;Illeso;0;;Non accertato;
3637441;20;13/01/2018 14:10;Regionale entro l'abitato;VIA FLAMINIA;in prossimità;;del civico n.;855F;;Scontro laterale fra veicoli in marcia;Rettilineo;Due carreggiate;Asciutto;Asfaltata;Orizzontale;Sereno;Scarso;Buona;Ore Diurne;0;0;0;4;12,48154;41,95129;-1;2;Autovettura privata;In marcia / fermata / arresto;Passeggero;M;Illeso;0;;Non accertato;
3637515;19;12/01/2018 08:00;Strada Urbana;VIA ANGELO FAVA;in corrispondenza;;del civico n.;38/g;;Veicolo in marcia contro veicoli in sosta;Curva a visuale libera;Una carreggiata a senso unico di marcia;Bagnato (pioggia);Asfaltata;Assente;Nuvoloso;Scarso;Buona;Ore Diurne;0;0;0;1;12,42532;41,94212;-1;2;Autovettura privata;In marcia / fermata / arresto;Conducente;F;Illeso;0;;Non accertato;Inesploso
3637530;19;13/01/2018 14:15;Strada Urbana;PIAZZA DELLA BALDUINA;in corrispondenza;;del civico n.;58;;Tamponamento;Rettilineo;Una carreggiata a senso unico di marcia;Asciutto;Asfaltata;Verticale ed orizzontale;Sereno;Scarso;Buona;Ore Diurne;0;0;0;2;12,44122;41,91914;-1;1;Autovettura privata;In marcia / fermata / arresto;Conducente;M;Illeso;0;;Non accertato;Inesploso
3637530;19;13/01/2018 14:15;Strada Urbana;PIAZZA DELLA BALDUINA;in corrispondenza;;del civico n.;58;;Tamponamento;Rettilineo;Una carreggiata a senso unico di marcia;Asciutto;Asfaltata;Verticale ed orizzontale;Sereno;Scarso;Buona;Ore Diurne;0;0;0;2;12,44122;41,91914;-1;2;Autovettura privata;In marcia / fermata / arresto;Conducente;F;Illeso;0;;Non accertato;Inesploso
3637618;1;13/01/2018 12:15;Strada Urbana;PONTE REGINA MARGHERITA;all'intersezione semaforizzata con;LUNGOTEVERE IN AUGUSTA;LUNGOTEVERE IN AUGUSTA;;;Scontro frontale/laterale SX fra veicoli in marcia;Intersezione semaforizzata;Una carreggiata a senso unico di marcia;Asciutto;Asfaltata;Verticale ed orizzontale;Sereno;Intenso;Buona;Ore Diurne;2;0;0;0;12,47319;41,90994;-1;1;Motociclo con passeggero;In marcia / fermata / arresto;Conducente;M;Ricoverato;0;NON DECEDUTO;Non accertato;
3637618;1;13/01/2018 12:15;Strada Urbana;PONTE REGINA MARGHERITA;all'intersezione semaforizzata con;LUNGOTEVERE IN AUGUSTA;LUNGOTEVERE IN AUGUSTA;;;Scontro frontale/laterale SX fra veicoli in marcia;Intersezione semaforizzata;Una carreggiata a senso unico di marcia;Asciutto;Asfaltata;Verticale ed orizzontale;Sereno;Intenso;Buona;Ore Diurne;2;0;0;0;12,47319;41,90994;-1;2;Autovettura privata;In marcia / fermata / arresto;Conducente;M;Ricoverato;0;NON DECEDUTO;Non accertato;Esploso
3637656;13;13/01/2018 13:44;Strada Urbana;VIA DELLE AZZORRE;in prossimità;;del civico n.;374;;Scontro laterale fra veicoli in marcia;Rettilineo;Due carreggiate;Sdrucciolevole (terriccio);Asfaltata;Assente;Sereno;Scarso;Buona;Ore Diurne;0;0;0;2;12,26628;41,73998;-1;1;Autocarro inferiore 35 q.;In marcia / fermata / arresto;Conducente;M;Illeso;0;;Non accertato;Inesploso
3637656;13;13/01/2018 13:44;Strada Urbana;VIA DELLE AZZORRE;in prossimità;;del civico n.;374;;Scontro laterale fra veicoli in marcia;Rettilineo;Due carreggiate;Sdrucciolevole (terriccio);Asfaltata;Assente;Sereno;Scarso;Buona;Ore Diurne;0;0;0;2;12,26628;41,73998;-1;2;Autovettura privata;In marcia / fermata / arresto;Conducente;F;Illeso;0;;Non accertato;Inesploso
3637830;2;13/01/2018 17:25;Strada Urbana;CIRCONVALLAZIONE SALARIA;da specificare;;;;dir. Salaria alt. uscita Via delle Valli;Scontro laterale fra veicoli in marcia;Rettilineo;Due carreggiate;Asciutto;Asfaltata;Verticale ed orizzontale;Sereno;Intenso;Buona;Ore Diurne;0;0;1;2;12,52297;41,93265;-1;1;Autovettura privata;In marcia / fermata / arresto;Conducente;M;Illeso;0;;;
3637830;2;13/01/2018 17:25;Strada Urbana;CIRCONVALLAZIONE SALARIA;da specificare;;;;dir. Salaria alt. uscita Via delle Valli;Scontro laterale fra veicoli in marcia;Rettilineo;Due carreggiate;Asciutto;Asfaltata;Verticale ed orizzontale;Sereno;Intenso;Buona;Ore Diurne;0;0;1;2;12,52297;41,93265;-1;1;Autovettura privata;In marcia / fermata / arresto;Passeggero;F;Illeso;0;;Non accertato;Inesploso
3637830;2;13/01/2018 17:25;Strada Urbana;CIRCONVALLAZIONE SALARIA;da specificare;;;;dir. Salaria alt. uscita Via delle Valli;Scontro laterale fra veicoli in marcia;Rettilineo;Due carreggiate;Asciutto;Asfaltata;Verticale ed orizzontale;Sereno;Intenso;Buona;Ore Diurne;0;0;1;2;12,52297;41,93265;-1;2;Motociclo a solo;In marcia / fermata / arresto;Conducente;M;Deceduto sul posto;-1;;;
3637881;10;13/01/2018 15:30;Strada Urbana;VIA TUSCOLANA;in prossimità;;del civico n.;940;;Tamponamento;Rettilineo;Una carreggiata a senso unico di marcia;Asciutto;Asfaltata;Verticale ed orizzontale;Sereno;Normale;Buona;Ore Diurne;0;0;0;3;12,55199;41,8623;-1;1;Autovettura privata;In marcia / fermata / arresto;Conducente;M;Illeso;0;;Non accertato;Inesploso
3637881;10;13/01/2018 15:30;Strada Urbana;VIA TUSCOLANA;in prossimità;;del civico n.;940;;Tamponamento;Rettilineo;Una carreggiata a senso unico di marcia;Asciutto;Asfaltata;Verticale ed orizzontale;Sereno;Normale;Buona;Ore Diurne;0;0;0;3;12,55199;41,8623;-1;2;Autovettura privata;In marcia / fermata / arresto;Conducente;M;Illeso;0;;Non accertato;Inesploso
3637881;10;13/01/2018 15:30;Strada Urbana;VIA TUSCOLANA;in prossimità;;del civico n.;940;;Tamponamento;Rettilineo;Una carreggiata a senso unico di marcia;Asciutto;Asfaltata;Verticale ed orizzontale;Sereno;Normale;Buona;Ore Diurne;0;0;0;3;12,55199;41,8623;-1;2;Autovettura privata;In marcia / fermata / arresto;Passeggero;M;Illeso;0;;Non accertato;Inesploso
3637888;10;13/01/2018 12:15;Strada Urbana;VIA DI TOR VERGATA;da specificare;;;;fronte 349;Tamponamento Multiplo;Rettilineo;Una carreggiata a doppio senso;Asciutto;Asfaltata;Orizzontale;Sereno;Normale;Buona;Ore Diurne;1;0;0;6;12,62265;41,8469;-1;1;Autovettura privata;In marcia / fermata / arresto;Conducente;M;Illeso;0;;Non accertato;Inesploso
3637888;10;13/01/2018 12:15;Strada Urbana;VIA DI TOR VERGATA;da specificare;;;;fronte 349;Tamponamento Multiplo;Rettilineo;Una carreggiata a doppio senso;Asciutto;Asfaltata;Orizzontale;Sereno;Normale;Buona;Ore Diurne;1;0;0;6;12,62265;41,8469;-1;1;Autovettura privata;In marcia / fermata / arresto;Passeggero;F;Illeso;0;;Non accertato;Inesploso
3637888;10;13/01/2018 12:15;Strada Urbana;VIA DI TOR VERGATA;da specificare;;;;fronte 349;Tamponamento Multiplo;Rettilineo;Una carreggiata a doppio senso;Asciutto;Asfaltata;Orizzontale;Sereno;Normale;Buona;Ore Diurne;1;0;0;6;12,62265;41,8469;-1;1;Autovettura privata;In marcia / fermata / arresto;Passeggero;M;Illeso;0;;Non accertato;Inesploso
3637888;10;13/01/2018 12:15;Strada Urbana;VIA DI TOR VERGATA;da specificare;;;;fronte 349;Tamponamento Multiplo;Rettilineo;Una carreggiata a doppio senso;Asciutto;Asfaltata;Orizzontale;Sereno;Normale;Buona;Ore Diurne;1;0;0;6;12,62265;41,8469;-1;2;Autovettura privata;In marcia / fermata / arresto;Conducente;F;Illeso;0;;Non accertato;Inesploso
3637888;10;13/01/2018 12:15;Strada Urbana;VIA DI TOR VERGATA;da specificare;;;;fronte 349;Tamponamento Multiplo;Rettilineo;Una carreggiata a doppio senso;Asciutto;Asfaltata;Orizzontale;Sereno;Normale;Buona;Ore Diurne;1;0;0;6;12,62265;41,8469;-1;2;Autovettura privata;In marcia / fermata / arresto;Passeggero;F;Rimandato;0;NON DECEDUTO;Non accertato;Inesploso
3637888;10;13/01/2018 12:15;Strada Urbana;VIA DI TOR VERGATA;da specificare;;;;fronte 349;Tamponamento Multiplo;Rettilineo;Una carreggiata a doppio senso;Asciutto;Asfaltata;Orizzontale;Sereno;Normale;Buona;Ore Diurne;1;0;0;6;12,62265;41,8469;-1;3;Autovettura privata;In marcia / fermata / arresto;Conducente;M;Illeso;0;;Non accertato;Inesploso
3637888;10;13/01/2018 12:15;Strada Urbana;VIA DI TOR VERGATA;da specificare;;;;fronte 349;Tamponamento Multiplo;Rettilineo;Una carreggiata a doppio senso;Asciutto;Asfaltata;Orizzontale;Sereno;Normale;Buona;Ore Diurne;1;0;0;6;12,62265;41,8469;-1;3;Autovettura privata;In marcia / fermata / arresto;Passeggero;M;Illeso;0;;Non accertato;Esploso
3638131;9;13/01/2018 16:00;;VIA APPIA NUOVA;in prossimità;;del civico n.;436;;Veicolo in marcia contro veicolo arresto;;;;;;;;;;0;0;0;4;12,52243;41,87485;0;1;Autovettura privata;In marcia / fermata / arresto;Conducente;M;Illeso;0;;Non accertato;Inesploso
3638131;9;13/01/2018 16:00;;VIA APPIA NUOVA;in prossimità;;del civico n.;436;;Veicolo in marcia contro veicolo arresto;;;;;;;;;;0;0;0;4;12,52243;41,87485;0;1;Autovettura privata;In marcia / fermata / arresto;Passeggero;F;Illeso;0;;Non accertato;Inesploso
3638131;9;13/01/2018 16:00;;VIA APPIA NUOVA;in prossimità;;del civico n.;436;;Veicolo in marcia contro veicolo arresto;;;;;;;;;;0;0;0;4;12,52243;41,87485;0;1;Autovettura privata;In marcia / fermata / arresto;Passeggero;F;Illeso;0;;Non accertato;Inesploso
3638131;9;13/01/2018 16:00;;VIA APPIA NUOVA;in prossimità;;del civico n.;436;;Veicolo in marcia contro veicolo arresto;;;;;;;;;;0;0;0;4;12,52243;41,87485;0;2;Autocarro inferiore 35 q.;In marcia / fermata / arresto;Conducente;M;Illeso;0;;Non accertato;Inesploso
3638132;9;13/01/2018 18:20;Strada Urbana;VIA AOSTA;in prossimità;;del civico n.;41;;Veicolo in marcia contro ostacolo fisso;Rettilineo;Una carreggiata a doppio senso;Asciutto;Asfaltata;Verticale ed orizzontale;Sereno;Intenso;Buona;Sufficiente;1;0;0;1;12,51465;41,88347;-1;1;Autovettura privata;In marcia / fermata / arresto;Conducente;F;Illeso;0;;Non accertato;Inesploso
3638132;9;13/01/2018 18:20;Strada Urbana;VIA AOSTA;in prossimità;;del civico n.;41;;Veicolo in marcia contro ostacolo fisso;Rettilineo;Una carreggiata a doppio senso;Asciutto;Asfaltata;Verticale ed orizzontale;Sereno;Intenso;Buona;Sufficiente;1;0;0;1;12,51465;41,88347;-1;2;Motociclo a solo;In marcia / fermata / arresto;Conducente;M;Rimandato;0;NON DECEDUTO;;
3638133;9;13/01/2018 23:05;Strada Urbana;VIALE PALMIRO TOGLIATTI;in prossimità;;del civico n.;97;;Investimento di pedone;Rettilineo;Due carreggiate;Asciutto;Asfaltata;Verticale ed orizzontale;Sereno;Scarso;Sufficiente;Sufficiente;1;0;0;1;12,57067;41,85732;-1;;;;Pedone;M;Rimandato;0;NON DECEDUTO;;
3638133;9;13/01/2018 23:05;Strada Urbana;VIALE PALMIRO TOGLIATTI;in prossimità;;del civico n.;97;;Investimento di pedone;Rettilineo;Due carreggiate;Asciutto;Asfaltata;Verticale ed orizzontale;Sereno;Scarso;Sufficiente;Sufficiente;1;0;0;1;12,57067;41,85732;-1;1;Autovettura privata;In marcia / fermata / arresto;Conducente;M;Illeso;0;;Non accertato;Inesploso
3638305;7;14/01/2018 10:15;Strada Urbana;VIA DEI LAURI;in corrispondenza;;del civico n.;86;;Veicolo in marcia contro veicolo in sosta;Rettilineo;Una carreggiata a doppio senso;Asciutto;Asfaltata;Verticale ed orizzontale;Sereno;Scarso;Buona;Ore Diurne;0;0;0;1;12,56445;41,88527;-1;1;Autovettura privata;In marcia / fermata / arresto;Conducente;M;Illeso;0;;Non accertato;Inesploso
3638320;17;13/01/2018 12:00;Strada Urbana;VIA CICERONE;in corrispondenza;;del civico n.;55;;Veicolo in marcia contro veicolo fermo;Rettilineo;Due carreggiate;Asciutto;Asfaltata;Verticale ed orizzontale;Sereno;Normale;Buona;Ore Diurne;1;0;0;1;12,46844;41,90755;-1;1;Autovettura privata;In marcia / fermata / arresto;Conducente;M;Illeso;0;;;
3638320;17;13/01/2018 12:00;Strada Urbana;VIA CICERONE;in corrispondenza;;del civico n.;55;;Veicolo in marcia contro veicolo fermo;Rettilineo;Due carreggiate;Asciutto;Asfaltata;Verticale ed orizzontale;Sereno;Normale;Buona;Ore Diurne;1;0;0;1;12,46844;41,90755;-1;2;Velocipede;In marcia / fermata / arresto;Conducente;M;Rimandato;0;NON DECEDUTO;Esente;
3638339;20;14/01/2018 00:20;Regionale entro l'abitato;VIA CASSIA;in corrispondenza;;del civico n.;1814;;Veicolo in marcia contro veicoli in sosta;Curva senza visuale libera;Una carreggiata a doppio senso;Asciutto;Asfaltata;Verticale ed orizzontale;Sereno;Scarso;Buona;Sufficiente;1;0;0;0;12,37711;42,01348;-1;1;Autovettura privata;In marcia / fermata / arresto;Conducente;M;Rifiuta cure immediate;0;NON DECEDUTO;;
3638346;15;14/01/2018 00:10;Strada Urbana;VIA DELL'APPAGLIATORE;in corrispondenza;;del civico n.;77;;Infortunio per caduta del veicolo;Rettilineo;Una carreggiata a senso unico di marcia;Asciutto;Asfaltata;Verticale ed orizzontale;Sereno;Scarso;Buona;Sufficiente;0;0;1;0;12,26357;41,74109;-1;1;Motociclo a solo;In marcia / fermata / arresto;Conducente;M;Deceduto durante prime cure;-1;;Non accertato;
3638376;6;13/01/2018 19:10;Strada Urbana;VIA DI TOR PIGNATTARA;in prossimità;;del civico n.;91;;Veicolo in marcia contro ostacolo accidentale;Rettilineo;Una carreggiata a doppio senso;Asciutto;Asfaltata;Verticale ed orizzontale;Sereno;Normale;Sufficiente;Sufficiente;1;0;0;1;12,54183;41,87782;-1;;;;Pedone;M;Rifiuta cure immediate;0;NON DECEDUTO;;
3638376;6;13/01/2018 19:10;Strada Urbana;VIA DI TOR PIGNATTARA;in prossimità;;del civico n.;91;;Veicolo in marcia contro ostacolo accidentale;Rettilineo;Una carreggiata a doppio senso;Asciutto;Asfaltata;Verticale ed orizzontale;Sereno;Normale;Sufficiente;Sufficiente;1;0;0;1;12,54183;41,87782;-1;1;Autovettura privata;In marcia / fermata / arresto;Conducente;F;Illeso;0;;Non accertato;Inesploso
3638386;8;13/01/2018 12:30;Strada Urbana;VIA WALTER TOBAGI;da specificare;;;;ALTEZZA VIA DEL PETTIROSSO ;Scontro laterale fra veicoli in marcia;Rettilineo;Una carreggiata a senso unico di marcia;Asciutto;Asfaltata;Verticale ed orizzontale;Sereno;Scarso;Buona;Ore Diurne;1;0;0;1;12,59714;41,87557;-1;1;Autovettura privata;In marcia / fermata / arresto;Conducente;M;Illeso;0;;Non accertato;Inesploso
3638386;8;13/01/2018 12:30;Strada Urbana;VIA WALTER TOBAGI;da specificare;;;;ALTEZZA VIA DEL PETTIROSSO ;Scontro laterale fra veicoli in marcia;Rettilineo;Una carreggiata a senso unico di marcia;Asciutto;Asfaltata;Verticale ed orizzontale;Sereno;Scarso;Buona;Ore Diurne;1;0;0;1;12,59714;41,87557;-1;2;Autovettura privata;In marcia / fermata / arresto;Conducente;F;Rifiuta cure immediate;0;NON DECEDUTO;Non accertato;Inesploso
3638396;20;13/01/2018 21:00;Strada Urbana;VIALE CORTINA D'AMPEZZO;in corrispondenza;;del civico n.;185;;Veicolo in marcia contro veicolo in sosta;Rettilineo;Una carreggiata a doppio senso;Asciutto;Asfaltata;Verticale ed orizzontale;Sereno;Intenso;Sufficiente;Sufficiente;0;0;0;2;12,44369;41,94837;-1;1;Autovettura privata;In marcia / fermata / arresto;Passeggero;F;Illeso;0;;;
3638396;20;13/01/2018 21:00;Strada Urbana;VIALE CORTINA D'AMPEZZO;in corrispondenza;;del civico n.;185;;Veicolo in marcia contro veicolo in sosta;Rettilineo;Una carreggiata a doppio senso;Asciutto;Asfaltata;Verticale ed orizzontale;Sereno;Intenso;Sufficiente;Sufficiente;0;0;0;2;12,44369;41,94837;-1;1;Autovettura privata;In marcia / fermata / arresto;Conducente;M;Illeso;0;;;
3638443;8;13/01/2018 12:00;Strada Urbana;VIA DI TORRE SPACCATA;all'intersezione con;VIALE DI TORRE MAURA;VIALE DI TORRE MAURA;;;Scontro frontale fra veicoli in marcia;Intersezione semaforizzata;Una carreggiata a doppio senso;Asciutto;Asfaltata;Verticale ed orizzontale;Sereno;Normale;Sufficiente;Ore Diurne;0;0;0;2;12,58643;41,86498;-1;1;Autovettura privata;In marcia / fermata / arresto;Conducente;M;Illeso;0;;Non accertato;Inesploso
3638443;8;13/01/2018 12:00;Strada Urbana;VIA DI TORRE SPACCATA;all'intersezione con;VIALE DI TORRE MAURA;VIALE DI TORRE MAURA;;;Scontro frontale fra veicoli in marcia;Intersezione semaforizzata;Una carreggiata a doppio senso;Asciutto;Asfaltata;Verticale ed orizzontale;Sereno;Normale;Sufficiente;Ore Diurne;0;0;0;2;12,58643;41,86498;-1;2;Autovettura privata;In marcia / fermata / arresto;Conducente;M;Illeso;0;;Non accertato;Inesploso
3638445;8;14/01/2018 04:10;Provinciale entro l'abitato;VIA PRENESTINA;in prossimità;;del civico n.;1251;;Scontro laterale fra veicoli in marcia;Rettilineo;Una carreggiata a doppio senso;Asciutto;Asfaltata;Verticale ed orizzontale;Sereno;Normale;Sufficiente;Sufficiente;1;0;0;2;12,63447;41,89256;-1;1;Autovettura privata;In marcia / fermata / arresto;Conducente;M;Illeso;0;;Non accertato;Inesploso
3638445;8;14/01/2018 04:10;Provinciale entro l'abitato;VIA PRENESTINA;in prossimità;;del civico n.;1251;;Scontro laterale fra veicoli in marcia;Rettilineo;Una carreggiata a doppio senso;Asciutto;Asfaltata;Verticale ed orizzontale;Sereno;Normale;Sufficiente;Sufficiente;1;0;0;2;12,63447;41,89256;-1;1;Autovettura privata;In marcia / fermata / arresto;Passeggero;M;Illeso;0;;Non accertato;Inesploso
3638445;8;14/01/2018 04:10;Provinciale entro l'abitato;VIA PRENESTINA;in prossimità;;del civico n.;1251;;Scontro laterale fra veicoli in marcia;Rettilineo;Una carreggiata a doppio senso;Asciutto;Asfaltata;Verticale ed orizzontale;Sereno;Normale;Sufficiente;Sufficiente;1;0;0;2;12,63447;41,89256;-1;2;Autovettura privata;In marcia / fermata / arresto;Conducente;M;Rifiuta cure immediate;0;NON DECEDUTO;Non accertato;Inesploso
3638454;8;13/01/2018 12:40;Strada Urbana;VIALE DEI ROMANISTI;all'intersezione con;VIA GIOVANNI CAMILLO PERESIO;VIA GIOVANNI CAMILLO PERESIO;;;Scontro laterale fra veicoli in marcia;Incrocio;Due carreggiate;Asciutto;Asfaltata;Verticale ed orizzontale;Sereno;Scarso;Buona;Ore Diurne;0;0;0;4;12,5774;41,86752;-1;1;Autovettura privata;In marcia / fermata / arresto;Conducente;M;Illeso;0;;Non accertato;Inesploso
3638454;8;13/01/2018 12:40;Strada Urbana;VIALE DEI ROMANISTI;all'intersezione con;VIA GIOVANNI CAMILLO PERESIO;VIA GIOVANNI CAMILLO PERESIO;;;Scontro laterale fra veicoli in marcia;Incrocio;Due carreggiate;Asciutto;Asfaltata;Verticale ed orizzontale;Sereno;Scarso;Buona;Ore Diurne;0;0;0;4;12,5774;41,86752;-1;2;Autovettura privata;In marcia / fermata / arresto;Conducente;M;Illeso;0;;Non accertato;Inesploso
3638454;8;13/01/2018 12:40;Strada Urbana;VIALE DEI ROMANISTI;all'intersezione con;VIA GIOVANNI CAMILLO PERESIO;VIA GIOVANNI CAMILLO PERESIO;;;Scontro laterale fra veicoli in marcia;Incrocio;Due carreggiate;Asciutto;Asfaltata;Verticale ed orizzontale;Sereno;Scarso;Buona;Ore Diurne;0;0;0;4;12,5774;41,86752;-1;3;Autocarro inferiore 35 q.;In marcia / fermata / arresto;Conducente;M;Illeso;0;;Non accertato;Inesploso
3638454;8;13/01/2018 12:40;Strada Urbana;VIALE DEI ROMANISTI;all'intersezione con;VIA GIOVANNI CAMILLO PERESIO;VIA GIOVANNI CAMILLO PERESIO;;;Scontro laterale fra veicoli in marcia;Incrocio;Due carreggiate;Asciutto;Asfaltata;Verticale ed orizzontale;Sereno;Scarso;Buona;Ore Diurne;0;0;0;4;12,5774;41,86752;-1;3;Autocarro inferiore 35 q.;In marcia / fermata / arresto;Passeggero;M;Illeso;0;;Non accertato;Inesploso
3638458;8;13/01/2018 16:00;Strada Urbana;VIA CASILINA;all'intersezione con;VIA GRAMMICHELE;VIA GRAMMICHELE;;;Scontro frontale/laterale SX fra veicoli in marcia;Incrocio;Una carreggiata a doppio senso;Asciutto;Asfaltata;Assente;Sereno;Normale;Buona;Ore Diurne;0;0;0;4;12,62713;41,86324;-1;1;Autovettura privata;In marcia / fermata / arresto;Conducente;M;Illeso;0;;Non accertato;Inesploso
3638458;8;13/01/2018 16:00;Strada Urbana;VIA CASILINA;all'intersezione con;VIA GRAMMICHELE;VIA GRAMMICHELE;;;Scontro frontale/laterale SX fra veicoli in marcia;Incrocio;Una carreggiata a doppio senso;Asciutto;Asfaltata;Assente;Sereno;Normale;Buona;Ore Diurne;0;0;0;4;12,62713;41,86324;-1;1;Autovettura privata;In marcia / fermata / arresto;Passeggero;M;Illeso;0;;Non accertato;Inesploso
3638458;8;13/01/2018 16:00;Strada Urbana;VIA CASILINA;all'intersezione con;VIA GRAMMICHELE;VIA GRAMMICHELE;;;Scontro frontale/laterale SX fra veicoli in marcia;Incrocio;Una carreggiata a doppio senso;Asciutto;Asfaltata;Assente;Sereno;Normale;Buona;Ore Diurne;0;0;0;4;12,62713;41,86324;-1;1;Autovettura privata;In marcia / fermata / arresto;Passeggero;F;Illeso;0;;Non accertato;Inesploso
3638458;8;13/01/2018 16:00;Strada Urbana;VIA CASILINA;all'intersezione con;VIA GRAMMICHELE;VIA GRAMMICHELE;;;Scontro frontale/laterale SX fra veicoli in marcia;Incrocio;Una carreggiata a doppio senso;Asciutto;Asfaltata;Assente;Sereno;Normale;Buona;Ore Diurne;0;0;0;4;12,62713;41,86324;-1;2;Autovettura privata;In marcia / fermata / arresto;Conducente;M;Illeso;0;;Non accertato;Inesploso
3638460;8;13/01/2018 18:15;Statale entro l'abitato;VIA CASILINA;in prossimità;;del civico n.;1817;;Tamponamento;Rettilineo;Una carreggiata a doppio senso;Asciutto;Asfaltata;Verticale ed orizzontale;Nuvoloso;Normale;Sufficiente;Sufficiente;0;0;0;3;12,68349;41,86287;-1;1;Autovettura privata;In marcia / fermata / arresto;Conducente;M;Illeso;0;;Non accertato;Inesploso
3638460;8;13/01/2018 18:15;Statale entro l'abitato;VIA CASILINA;in prossimità;;del civico n.;1817;;Tamponamento;Rettilineo;Una carreggiata a doppio senso;Asciutto;Asfaltata;Verticale ed orizzontale;Nuvoloso;Normale;Sufficiente;Sufficiente;0;0;0;3;12,68349;41,86287;-1;2;Autovettura privata;In marcia / fermata / arresto;Conducente;M;Illeso;0;;Non accertato;Inesploso
3638460;8;13/01/2018 18:15;Statale entro l'abitato;VIA CASILINA;in prossimità;;del civico n.;1817;;Tamponamento;Rettilineo;Una carreggiata a doppio senso;Asciutto;Asfaltata;Verticale ed orizzontale;Nuvoloso;Normale;Sufficiente;Sufficiente;0;0;0;3;12,68349;41,86287;-1;2;Autovettura privata;In marcia / fermata / arresto;Passeggero;F;Illeso;0;;Non accertato;Inesploso
3638466;8;13/01/2018 15:30;Provinciale entro l'abitato;VIA PRENESTINA;da specificare;;;;altezza intersezione via Pratolungo Casilina;Veicolo in marcia contro ostacolo accidentale;Rettilineo;Una carreggiata a doppio senso;Asciutto;Asfaltata;Orizzontale;Nuvoloso;Normale;Buona;Ore Diurne;0;0;0;1;12,61059;41,89346;-1;1;Motociclo a solo;In marcia / fermata / arresto;Conducente;M;Illeso;0;;Non accertato;
3638469;8;13/01/2018 18:00;Strada Urbana;VIA DEL FOSSO DELL'OSA;all'intersezione con;VIA MASSA D'ALBE;VIA MASSA D'ALBE;;;Scontro frontale fra veicoli in marcia;Incrocio;Una carreggiata a doppio senso;Asciutto;Asfaltata;Verticale ed orizzontale;Sereno;Normale;Buona;Sufficiente;0;0;0;4;12,68423;41,90592;-1;1;Autovettura privata;In marcia / fermata / arresto;Passeggero;M;Illeso;0;;Non accertato;Inesploso
3638469;8;13/01/2018 18:00;Strada Urbana;VIA DEL FOSSO DELL'OSA;all'intersezione con;VIA MASSA D'ALBE;VIA MASSA D'ALBE;;;Scontro frontale fra veicoli in marcia;Incrocio;Una carreggiata a doppio senso;Asciutto;Asfaltata;Verticale ed orizzontale;Sereno;Normale;Buona;Sufficiente;0;0;0;4;12,68423;41,90592;-1;1;Autovettura privata;In marcia / fermata / arresto;Conducente;M;Illeso;0;;Non accertato;Inesploso
3638469;8;13/01/2018 18:00;Strada Urbana;VIA DEL FOSSO DELL'OSA;all'intersezione con;VIA MASSA D'ALBE;VIA MASSA D'ALBE;;;Scontro frontale fra veicoli in marcia;Incrocio;Una carreggiata a doppio senso;Asciutto;Asfaltata;Verticale ed orizzontale;Sereno;Normale;Buona;Sufficiente;0;0;0;4;12,68423;41,90592;-1;2;Autovettura privata;In marcia / fermata / arresto;Conducente;M;Illeso;0;;Non accertato;Inesploso