Protocollo;Gruppo;DataOraIncidente;Localizzazione1;STRADA1;Localizzazione2;STRADA2;Strada02;Chilometrica;DaSpecificare;NaturaIncidente;particolaritastrade;TipoStrada;FondoStradale;Pavimentazione;Segnaletica;CondizioneAtmosferica;Traffico;Visibilita;Illuminazione;NUM_FERITI;NUM_RISERVATA;NUM_MORTI;NUM_ILLESI;Longitudine;Latitudine;Confermato;Progressivo;TipoVeicolo;StatoVeicolo;TipoPersona;Sesso;Tipolesione;Deceduto;DecedutoDopo;CinturaCascoUtilizzato;Airbag
3640899;4;14/01/2018 10:20;Strada Urbana;VIA MONTE SCALAMBRA;all'intersezione con;VIA DELLE DOLOMITI;VIA DELLE DOLOMITI;;;Veicolo in marcia contro veicolo in sosta;Intersezione stradale segnalata;Una carreggiata a doppio senso;Asciutto;Asfaltata;Verticale ed orizzontale;Nuvoloso;Normale;Buona;Ore Diurne;0;0;0;1;12,53641;41,94684;-1;1;Veicolo speciale;In marcia / fermata / arresto;Conducente;M;Illeso;0;;;
3640902;1;15/01/2018 18:55;Strada Urbana;LARGO GIOVANNI BATTISTA MARZI;all'intersezione con;LUNGOTEVERE TESTACCIO;LUNGOTEVERE TESTACCIO;;;Scontro frontale/laterale DX fra veicoli in marcia;Incrocio;Una carreggiata a doppio senso;Bagnato (pioggia);Asfaltata;Verticale ed orizzontale;Pioggia in atto;Normale;Sufficiente;Sufficiente;0;0;0;2;12,47103;41,87641;-1;1;Autovettura privata;In marcia / fermata / arresto;Conducente;M;Illeso;0;;Non accertato;Inesploso
3640902;1;15/01/2018 18:55;Strada Urbana;LARGO GIOVANNI BATTISTA MARZI;all'intersezione con;LUNGOTEVERE TESTACCIO;LUNGOTEVERE TESTACCIO;;;Scontro frontale/laterale DX fra veicoli in marcia;Incrocio;Una carreggiata a doppio senso;Bagnato (pioggia);Asfaltata;Verticale ed orizzontale;Pioggia in atto;Normale;Sufficiente;Sufficiente;0;0;0;2;12,47103;41,87641;-1;2;Autovettura privata;In marcia / fermata / arresto;Conducente;M;Illeso;0;;Non accertato;Inesploso
3640918;4;15/01/2018 20:30;Strada Urbana;VIA DELLA BUFALOTTA;in prossimità;;del civico n.;191;;Investimento di pedone;Rettilineo;Una carreggiata a doppio senso;Bagnato (umidità in atto);Lastricata;Verticale ed orizzontale;Nuvoloso;Normale;Buona;Sufficiente;1;0;0;1;12,54176;41,95076;-1;;;;Pedone;F;Rimandato;0;NON DECEDUTO;;
3640918;4;15/01/2018 20:30;Strada Urbana;VIA DELLA BUFALOTTA;in prossimità;;del civico n.;191;;Investimento di pedone;Rettilineo;Una carreggiata a doppio senso;Bagnato (umidità in atto);Lastricata;Verticale ed orizzontale;Nuvoloso;Normale;Buona;Sufficiente;1;0;0;1;12,54176;41,95076;-1;1;Autovettura privata;In marcia / fermata / arresto;Conducente;M;Illeso;0;;Non accertato;Inesploso
3640930;2;15/01/2018 21:25;Strada Urbana;VIA PO;all'intersezione semaforizzata con;VIA TEVERE;VIA TEVERE;;;Tamponamento;Intersezione semaforizzata;Una carreggiata a doppio senso;Bagnato (umidità in atto);Asfaltata;Verticale ed orizzontale;Nuvoloso;Scarso;Buona;Sufficiente;1;0;0;1;12,4955;41,9147;-1;1;Autovettura privata;In marcia / fermata / arresto;Conducente;M;Illeso;0;;;
3640930;2;15/01/2018 21:25;Strada Urbana;VIA PO;all'intersezione semaforizzata con;VIA TEVERE;VIA TEVERE;;;Tamponamento;Intersezione semaforizzata;Una carreggiata a doppio senso;Bagnato (umidità in atto);Asfaltata;Verticale ed orizzontale;Nuvoloso;Scarso;Buona;Sufficiente;1;0;0;1;12,4955;41,9147;-1;2;Motociclo a solo;In marcia / fermata / arresto;Conducente;F;Rimandato;0;NON DECEDUTO;;
3640932;2;15/01/2018 11:20;Strada Urbana;VIA SALARIA;da specificare;;;;alt. VIA RIETI;Veicolo in marcia contro veicolo arresto;Rettilineo;Una carreggiata a senso unico di marcia;Asciutto;Asfaltata;Verticale ed orizzontale;Sereno;Intenso;Buona;Ore Diurne;0;0;0;3;12,49783;41,91227;-1;1;Autovettura privata;In marcia / fermata / arresto;Conducente;M;Illeso;0;;;
3640932;2;15/01/2018 11:20;Strada Urbana;VIA SALARIA;da specificare;;;;alt. VIA RIETI;Veicolo in marcia contro veicolo arresto;Rettilineo;Una carreggiata a senso unico di marcia;Asciutto;Asfaltata;Verticale ed orizzontale;Sereno;Intenso;Buona;Ore Diurne;0;0;0;3;12,49783;41,91227;-1;2;Autovettura privata;In marcia / fermata / arresto;Conducente;M;Illeso;0;;;
3640932;2;15/01/2018 11:20;Strada Urbana;VIA SALARIA;da specificare;;;;alt. VIA RIETI;Veicolo in marcia contro veicolo arresto;Rettilineo;Una carreggiata a senso unico di marcia;Asciutto;Asfaltata;Verticale ed orizzontale;Sereno;Intenso;Buona;Ore Diurne;0;0;0;3;12,49783;41,91227;-1;2;Autovettura privata;In marcia / fermata / arresto;Passeggero;F;Illeso;0;;;
3640971;1;16/01/2018 06:50;Strada Urbana;VIA DEL CIRCO MASSIMO;in prossimità;;del palo luce n.;25;;Veicolo in marcia contro veicolo in sosta;Rettilineo;Una carreggiata a doppio senso;Bagnato (pioggia);Asfaltata;Verticale ed orizzontale;Nuvoloso;Scarso;Insufficiente;Insufficiente;1;0;0;0;12,48515;41,88536;-1;1;Motociclo a solo;In marcia / fermata / arresto;Conducente;M;Rimandato;0;NON DECEDUTO;Utilizzato;
3640999;4;15/01/2018 09:00;Strada Urbana;PIAZZA GIULIETTA MASINA;da specificare;;;;direzione via f. Arcalli (G.R.A.);Scontro laterale fra veicoli in marcia;Rotatoria;Una carreggiata a senso unico di marcia;Bagnato (umidità in atto);Asfaltata;Verticale ed orizzontale;Sereno;Normale;Buona;Ore Diurne;0;0;0;2;12,49637;41,90278;-1;1;Motociclo a solo;In marcia / fermata / arresto;Conducente;M;Illeso;0;;Non accertato;
3640999;4;15/01/2018 09:00;Strada Urbana;PIAZZA GIULIETTA MASINA;da specificare;;;;direzione via f. Arcalli (G.R.A.);Scontro laterale fra veicoli in marcia;Rotatoria;Una carreggiata a senso unico di marcia;Bagnato (umidità in atto);Asfaltata;Verticale ed orizzontale;Sereno;Normale;Buona;Ore Diurne;0;0;0;2;12,49637;41,90278;-1;2;Autovettura privata;In marcia / fermata / arresto;Conducente;F;Illeso;0;;Non accertato;Inesploso
3641030;6;16/01/2018 08:40;Strada Urbana;VIA DI ACQUA BULLICANTE;in corrispondenza;;del civico n.;225;;Investimento di pedone;Rettilineo;Una carreggiata a doppio senso;Bagnato (pioggia);Asfaltata;Orizzontale;Pioggia in atto;Intenso;Sufficiente;Ore Diurne;1;0;0;1;12,54324;41,88623;-1;;;;Pedone;F;Ricoverato;0;NON DECEDUTO;;
3641030;6;16/01/2018 08:40;Strada Urbana;VIA DI ACQUA BULLICANTE;in corrispondenza;;del civico n.;225;;Investimento di pedone;Rettilineo;Una carreggiata a doppio senso;Bagnato (pioggia);Asfaltata;Orizzontale;Pioggia in atto;Intenso;Sufficiente;Ore Diurne;1;0;0;1;12,54324;41,88623;-1;1;Motociclo a solo;In marcia / fermata / arresto;Conducente;M;Illeso;0;;Utilizzato;
3641039;10;16/01/2018 10:30;Autostrada;CIRCONVALLAZIONE ORIENTALE;da specificare;;;;rampa GRA Torrenova direzione Via V. Ragusa;Veicolo in marcia contro ostacolo fisso;Curva senza visuale libera;Una carreggiata a senso unico di marcia;Bagnato (pioggia);Asfaltata;Verticale;Pioggia in atto;Intenso;Sufficiente;Ore Diurne;0;0;0;1;12,5975;41,85208;-1;1;Autovettura privata;In marcia / fermata / arresto;Conducente;M;Illeso;0;;Non accertato;Inesploso
3641050;4;16/01/2018 01:50;Strada Urbana;VIA MARIO SOLDATI;all'intersezione con;VIA FERRUCCIO AMENDOLA;VIA FERRUCCIO AMENDOLA;;;Scontro frontale/laterale SX fra veicoli in marcia;Incrocio;Una carreggiata a doppio senso;Bagnato (umidità in atto);Asfaltata;Orizzontale;Nuvoloso;Scarso;Sufficiente;Sufficiente;0;0;0;4;12,53491;41,9699;-1;1;Autovettura privata;In marcia / fermata / arresto;Conducente;M;Illeso;0;;Non accertato;Inesploso
3641050;4;16/01/2018 01:50;Strada Urbana;VIA MARIO SOLDATI;all'intersezione con;VIA FERRUCCIO AMENDOLA;VIA FERRUCCIO AMENDOLA;;;Scontro frontale/laterale SX fra veicoli in marcia;Incrocio;Una carreggiata a doppio senso;Bagnato (umidità in atto);Asfaltata;Orizzontale;Nuvoloso;Scarso;Sufficiente;Sufficiente;0;0;0;4;12,53491;41,9699;-1;1;Autovettura privata;In marcia / fermata / arresto;Passeggero;F;Illeso;0;;Non accertato;Inesploso
3641050;4;16/01/2018 01:50;Strada Urbana;VIA MARIO SOLDATI;all'intersezione con;VIA FERRUCCIO AMENDOLA;VIA FERRUCCIO AMENDOLA;;;Scontro frontale/laterale SX fra veicoli in marcia;Incrocio;Una carreggiata a doppio senso;Bagnato (umidità in atto);Asfaltata;Orizzontale;Nuvoloso;Scarso;Sufficiente;Sufficiente;0;0;0;4;12,53491;41,9699;-1;2;Autovettura privata;In marcia / fermata / arresto;Conducente;M;Illeso;0;;Non accertato;Inesploso
3641050;4;16/01/2018 01:50;Strada Urbana;VIA MARIO SOLDATI;all'intersezione con;VIA FERRUCCIO AMENDOLA;VIA FERRUCCIO AMENDOLA;;;Scontro frontale/laterale SX fra veicoli in marcia;Incrocio;Una carreggiata a doppio senso;Bagnato (umidità in atto);Asfaltata;Orizzontale;Nuvoloso;Scarso;Sufficiente;Sufficiente;0;0;0;4;12,53491;41,9699;-1;2;Autovettura privata;In marcia / fermata / arresto;Passeggero;M;Illeso;0;;Non accertato;Inesploso
3641067;12;10/01/2018 18:10;Regionale;VIA PONTINA;da specificare;;;;direz.ROMA altezza G.R.A. uscita Napoli;Tamponamento;Rettilineo;Due carreggiate;Asciutto;Asfaltata;Verticale ed orizzontale;Sereno;Normale;Sufficiente;Insufficiente;0;0;0;2;12,45326;41,79829;-1;1;Autovettura privata;In marcia / fermata / arresto;Conducente;M;Illeso;0;;Non accertato;Inesploso
3641067;12;10/01/2018 18:10;Regionale;VIA PONTINA;da specificare;;;;direz.ROMA altezza G.R.A. uscita Napoli;Tamponamento;Rettilineo;Due carreggiate;Asciutto;Asfaltata;Verticale ed orizzontale;Sereno;Normale;Sufficiente;Insufficiente;0;0;0;2;12,45326;41,79829;-1;2;Autovettura privata;In marcia / fermata / arresto;Conducente;F;Illeso;0;;Non accertato;Inesploso
3641075;10;16/01/2018 10:33;Autostrada;CIRCONVALLAZIONE ORIENTALE;da specificare;;;;rampa direzione Via Vittorio Ragusa;Veicolo in marcia contro veicolo fermo;Curva senza visuale libera;Una carreggiata a senso unico di marcia;Bagnato (pioggia);Asfaltata;Verticale ed orizzontale;Pioggia in atto;Normale;Sufficiente;Ore Diurne;0;0;0;2;12,60501;41,8502;-1;1;Autovettura privata;In marcia / fermata / arresto;Conducente;M;Illeso;0;;Non accertato;Inesploso
3641075;10;16/01/2018 10:33;Autostrada;CIRCONVALLAZIONE ORIENTALE;da specificare;;;;rampa direzione Via Vittorio Ragusa;Veicolo in marcia contro veicolo fermo;Curva senza visuale libera;Una carreggiata a senso unico di marcia;Bagnato (pioggia);Asfaltata;Verticale ed orizzontale;Pioggia in atto;Normale;Sufficiente;Ore Diurne;0;0;0;2;12,60501;41,8502;-1;2;Autovettura privata;In marcia / fermata / arresto;Conducente;F;Illeso;0;;Non accertato;Inesploso
3641076;15;16/01/2018 10:15;Strada Urbana;AUTOSTRADA ROMA AEROPORTO DI FIUMICINO;da specificare;;;;Km 0,200 direzione Eur;Veicolo in marcia contro ostacolo fisso;Curva a visuale libera;Due carreggiate;Bagnato (pioggia);Asfaltata;Verticale ed orizzontale;Pioggia in atto;Normale;Buona;Ore Diurne;0;0;0;1;12,45463;41,84069;-1;1;Autovettura privata;In marcia / fermata / arresto;Conducente;M;Illeso;0;;Non accertato;Inesploso
3641099;12;10/01/2018 15:00;Provinciale;VIA DELLA SOLFARATA;in corrispondenza;;della chilometrica;10.75;;Scontro laterale fra veicoli in marcia;Curva a visuale libera;Una carreggiata a doppio senso;Asciutto;Asfaltata;Assente;Sereno;Normale;Buona;Ore Diurne;0;0;0;4;12,54575;41,70648;-1;1;Autovettura privata;In marcia / fermata / arresto;Conducente;M;Illeso;0;;Non accertato;Inesploso
3641099;12;10/01/2018 15:00;Provinciale;VIA DELLA SOLFARATA;in corrispondenza;;della chilometrica;10.75;;Scontro laterale fra veicoli in marcia;Curva a visuale libera;Una carreggiata a doppio senso;Asciutto;Asfaltata;Assente;Sereno;Normale;Buona;Ore Diurne;0;0;0;4;12,54575;41,70648;-1;1;Autovettura privata;In marcia / fermata / arresto;Passeggero;F;Illeso;0;;Non accertato;Inesploso
3641099;12;10/01/2018 15:00;Provinciale;VIA DELLA SOLFARATA;in corrispondenza;;della chilometrica;10.75;;Scontro laterale fra veicoli in marcia;Curva a visuale libera;Una carreggiata a doppio senso;Asciutto;Asfaltata;Assente;Sereno;Normale;Buona;Ore Diurne;0;0;0;4;12,54575;41,70648;-1;1;Autovettura privata;In marcia / fermata / arresto;Passeggero;F;Illeso;0;;Non accertato;Inesploso
3641099;12;10/01/2018 15:00;Provinciale;VIA DELLA SOLFARATA;in corrispondenza;;della chilometrica;10.75;;Scontro laterale fra veicoli in marcia;Curva a visuale libera;Una carreggiata a doppio senso;Asciutto;Asfaltata;Assente;Sereno;Normale;Buona;Ore Diurne;0;0;0;4;12,54575;41,70648;-1;2;Autocarro superiore 35 q.;In marcia / fermata / arresto;Conducente;M;Illeso;0;;Non accertato;Inesploso
3641135;19;16/01/2018 11:30;Strada Urbana;VIA IPOGEO DEGLI OTTAVI;da specificare;;;;Stazione FM3 ipogeo degli ottavi;Veicolo in marcia contro ostacolo accidentale;Curva a visuale libera;Una carreggiata a doppio senso;Bagnato (pioggia);Asfaltata;Orizzontale;Nuvoloso;Normale;Buona;Ore Diurne;1;0;0;1;12,40845;41,96745;-1;1;Autobus di linea;In marcia / fermata / arresto;Conducente;F;Illeso;0;;Non accertato;Inesploso
3641135;19;16/01/2018 11:30;Strada Urbana;VIA IPOGEO DEGLI OTTAVI;da specificare;;;;Stazione FM3 ipogeo degli ottavi;Veicolo in marcia contro ostacolo accidentale;Curva a visuale libera;Una carreggiata a doppio senso;Bagnato (pioggia);Asfaltata;Orizzontale;Nuvoloso;Normale;Buona;Ore Diurne;1;0;0;1;12,40845;41,96745;-1;1;Autobus di linea;In marcia / fermata / arresto;Passeggero;F;Rimandato;0;NON DECEDUTO;;Inesploso
3641173;12;11/01/2018 12:00;Strada Urbana;VIA LISZT;in corrispondenza;;del civico n.;24;;Infortunio per sola frenata improvvisa;Rettilineo;Due carreggiate;Bagnato (pioggia);Asfaltata;Verticale ed orizzontale;Pioggia in atto;Normale;Buona;Ore Diurne;0;0;0;2;12,46862;41,83383;-1;1;Motociclo a solo;In marcia / fermata / arresto;Conducente;M;Illeso;0;;Utilizzato;
3641173;12;11/01/2018 12:00;Strada Urbana;VIA LISZT;in corrispondenza;;del civico n.;24;;Infortunio per sola frenata improvvisa;Rettilineo;Due carreggiate;Bagnato (pioggia);Asfaltata;Verticale ed orizzontale;Pioggia in atto;Normale;Buona;Ore Diurne;0;0;0;2;12,46862;41,83383;-1;2;Autovettura privata;In marcia / fermata / arresto;Conducente;M;Illeso;0;;Utilizzato;Inesploso
3641182;15;16/01/2018 12:30;Strada Urbana;VIALE PROSPERO COLONNA;da specificare;;;;altezza Via Pietro Venturi;Investimento di pedone;Rettilineo;Due carreggiate;Bagnato (pioggia);Asfaltata;Verticale ed orizzontale;Pioggia in atto;Normale;Buona;Ore Diurne;2;0;0;1;12,45192;41,85614;-1;;;;Pedone;M;Rimandato;0;NON DECEDUTO;;
3641182;15;16/01/2018 12:30;Strada Urbana;VIALE PROSPERO COLONNA;da specificare;;;;altezza Via Pietro Venturi;Investimento di pedone;Rettilineo;Due carreggiate;Bagnato (pioggia);Asfaltata;Verticale ed orizzontale;Pioggia in atto;Normale;Buona;Ore Diurne;2;0;0;1;12,45192;41,85614;-1;;;;Pedone;F;Rimandato;0;NON DECEDUTO;;
3641182;15;16/01/2018 12:30;Strada Urbana;VIALE PROSPERO COLONNA;da specificare;;;;altezza Via Pietro Venturi;Investimento di pedone;Rettilineo;Due carreggiate;Bagnato (pioggia);Asfaltata;Verticale ed orizzontale;Pioggia in atto;Normale;Buona;Ore Diurne;2;0;0;1;12,45192;41,85614;-1;1;Autovettura privata;In marcia / fermata / arresto;Conducente;M;Illeso;0;;Non accertato;Inesploso
3641223;6;16/01/2018 10:55;Strada Urbana;VIA ALBERTO DA GIUSSANO;all'intersezione con;VIA GENTILE DA MOGLIANO;VIA GENTILE DA MOGLIANO;;;Scontro frontale/laterale DX fra veicoli in marcia;Intersezione stradale segnalata;Una carreggiata a doppio senso;Bagnato (pioggia);Asfaltata;Verticale ed orizzontale;Nuvoloso;Normale;Buona;Ore Diurne;0;0;0;2;12,53485;41,88882;-1;1;Autovettura privata;In marcia / fermata / arresto;Conducente;M;Illeso;0;;;
3641223;6;16/01/2018 10:55;Strada Urbana;VIA ALBERTO DA GIUSSANO;all'intersezione con;VIA GENTILE DA MOGLIANO;VIA GENTILE DA MOGLIANO;;;Scontro frontale/laterale DX fra veicoli in marcia;Intersezione stradale segnalata;Una carreggiata a doppio senso;Bagnato (pioggia);Asfaltata;Verticale ed orizzontale;Nuvoloso;Normale;Buona;Ore Diurne;0;0;0;2;12,53485;41,88882;-1;2;Autovettura privata;In marcia / fermata / arresto;Conducente;M;Illeso;0;;;
3641238;20;16/01/2018 13:00;Strada Urbana;VIA DEI DUE PONTI;in prossimità;;del palo luce n.;103;;Scontro frontale fra veicoli in marcia;Rettilineo;Una carreggiata a doppio senso;Bagnato (pioggia);Asfaltata;Verticale ed orizzontale;Pioggia in atto;Normale;Buona;Sufficiente;3;0;0;0;12,4695;41,96587;-1;1;Autovettura privata;In marcia / fermata / arresto;Conducente;M;Rimandato;0;NON DECEDUTO;Non utilizzato;Esploso
3641238;20;16/01/2018 13:00;Strada Urbana;VIA DEI DUE PONTI;in prossimità;;del palo luce n.;103;;Scontro frontale fra veicoli in marcia;Rettilineo;Una carreggiata a doppio senso;Bagnato (pioggia);Asfaltata;Verticale ed orizzontale;Pioggia in atto;Normale;Buona;Sufficiente;3;0;0;0;12,4695;41,96587;-1;1;Autovettura privata;In marcia / fermata / arresto;Passeggero;F;Rimandato;0;NON DECEDUTO;Non accertato;Esploso
3641238;20;16/01/2018 13:00;Strada Urbana;VIA DEI DUE PONTI;in prossimità;;del palo luce n.;103;;Scontro frontale fra veicoli in marcia;Rettilineo;Una carreggiata a doppio senso;Bagnato (pioggia);Asfaltata;Verticale ed orizzontale;Pioggia in atto;Normale;Buona;Sufficiente;3;0;0;0;12,4695;41,96587;-1;2;Autovettura privata;In marcia / fermata / arresto;Conducente;M;Rimandato;0;NON DECEDUTO;Non accertato;Inesploso
3641302;18;16/01/2018 12:30;Strada Urbana;VIALE DI VALLE AURELIA;in corrispondenza;;del civico n.;93;;Scontro frontale/laterale SX fra veicoli in marcia;Rettilineo;Più di due carreggiate;Bagnato (pioggia);Asfaltata;Assente;Pioggia in atto;Normale;Buona;Ore Diurne;1;0;0;1;12,43711;41,90358;-1;1;Motociclo a solo;In marcia / fermata / arresto;Conducente;M;Rifiuta cure immediate;0;NON DECEDUTO;Non accertato;
3641302;18;16/01/2018 12:30;Strada Urbana;VIALE DI VALLE AURELIA;in corrispondenza;;del civico n.;93;;Scontro frontale/laterale SX fra veicoli in marcia;Rettilineo;Più di due carreggiate;Bagnato (pioggia);Asfaltata;Assente;Pioggia in atto;Normale;Buona;Ore Diurne;1;0;0;1;12,43711;41,90358;-1;2;Autovettura privata;In marcia / fermata / arresto;Conducente;M;Illeso;0;;Non accertato;Inesploso
3641322;16;15/01/2018 23:15;Strada Urbana;VIA AURELIA ANTICA;da specificare;;;;all'intersezione con RAMPA DI ACCESSO LEONE XIII;Scontro frontale/laterale SX fra veicoli in marcia;Pendenza;Una carreggiata a doppio senso;Bagnato (pioggia);Asfaltata;Verticale;Pioggia in atto;Scarso;Buona;Sufficiente;0;0;0;3;12,4346;41,89016;-1;1;Autovettura privata;In marcia / fermata / arresto;Conducente;M;Illeso;0;;Non accertato;Inesploso
3641322;16;15/01/2018 23:15;Strada Urbana;VIA AURELIA ANTICA;da specificare;;;;all'intersezione con RAMPA DI ACCESSO LEONE XIII;Scontro frontale/laterale SX fra veicoli in marcia;Pendenza;Una carreggiata a doppio senso;Bagnato (pioggia);Asfaltata;Verticale;Pioggia in atto;Scarso;Buona;Sufficiente;0;0;0;3;12,4346;41,89016;-1;2;Autovettura privata;In marcia / fermata / arresto;Conducente;M;Illeso;0;;Non accertato;Inesploso
3641322;16;15/01/2018 23:15;Strada Urbana;VIA AURELIA ANTICA;da specificare;;;;all'intersezione con RAMPA DI ACCESSO LEONE XIII;Scontro frontale/laterale SX fra veicoli in marcia;Pendenza;Una carreggiata a doppio senso;Bagnato (pioggia);Asfaltata;Verticale;Pioggia in atto;Scarso;Buona;Sufficiente;0;0;0;3;12,4346;41,89016;-1;2;Autovettura privata;In marcia / fermata / arresto;Passeggero;F;Illeso;0;;Non accertato;Inesploso
3641341;16;15/01/2018 11:10;;VIA GIACINTO CARINI;all'intersezione con;VIA GIACINTO BRUZZESI;VIA GIACINTO BRUZZESI;;;Tamponamento;;;;;;;;;;0;0;0;1;;;0;1;Quadriciclo leggero;In marcia / fermata / arresto;Conducente;F;Illeso;0;;;
3641354;16;15/01/2018 18:30;Strada Urbana;VIA DELLA PISANA;in corrispondenza;;del civico n.;278;;Scontro laterale fra veicoli in marcia;Rettilineo;Una carreggiata a doppio senso;Bagnato (pioggia);Asfaltata;Verticale;Pioggia in atto;Normale;Buona;Sufficiente;0;0;0;2;12,41453;41,87646;-1;1;Autovettura privata;In marcia / fermata / arresto;Conducente;F;Illeso;0;;Non accertato;Inesploso
3641354;16;15/01/2018 18:30;Strada Urbana;VIA DELLA PISANA;in corrispondenza;;del civico n.;278;;Scontro laterale fra veicoli in marcia;Rettilineo;Una carreggiata a doppio senso;Bagnato (pioggia);Asfaltata;Verticale;Pioggia in atto;Normale;Buona;Sufficiente;0;0;0;2;12,41453;41,87646;-1;2;Motociclo a solo;In marcia / fermata / arresto;Conducente;M;Illeso;0;;Non accertato;
3641398;10;16/01/2018 14:15;Strada Urbana;VIA TUSCOLANA;in prossimità;;del civico n.;1048;;Investimento di pedone;Rettilineo;Due carreggiate;Bagnato (pioggia);Asfaltata;Verticale ed orizzontale;Nuvoloso;Normale;Buona;Ore Diurne;2;0;0;0;12,55764;41,8592;-1;;;;Pedone;F;Rifiuta cure immediate;0;NON DECEDUTO;;
3641398;10;16/01/2018 14:15;Strada Urbana;VIA TUSCOLANA;in prossimità;;del civico n.;1048;;Investimento di pedone;Rettilineo;Due carreggiate;Bagnato (pioggia);Asfaltata;Verticale ed orizzontale;Nuvoloso;Normale;Buona;Ore Diurne;2;0;0;0;12,55764;41,8592;-1;1;Motociclo a solo;In marcia / fermata / arresto;Conducente;M;Rifiuta cure immediate;0;NON DECEDUTO;Non accertato;
3641400;12;10/01/2018 07:40;Strada Urbana;VIA CARLO AVOLIO;in corrispondenza;;del civico n.;111;;Veicolo in marcia contro ostacolo accidentale;Curva a visuale libera;Una carreggiata a senso unico di marcia;Bagnato (umidità in atto);Asfaltata;Assente;Sereno;Scarso;Buona;Ore Diurne;0;0;0;1;12,4433;41,79002;-1;1;Motociclo a solo;In marcia / fermata / arresto;Conducente;M;Illeso;0;;;
3641417;17;16/01/2018 06:15;Strada Urbana;PIAZZA DEL RISORGIMENTO;da specificare;;;;ALTEZZA VIA COLA DI RIENZO;Scontro laterale fra veicoli in marcia;Rettilineo;Una carreggiata a doppio senso;Asciutto;Asfaltata;Verticale ed orizzontale;Sereno;Intenso;Buona;Ore Diurne;0;0;0;3;12,45881;41,90632;-1;1;Vettura tranviaria;In marcia / fermata / arresto;Conducente;M;Illeso;0;;Esente;
3641417;17;16/01/2018 06:15;Strada Urbana;PIAZZA DEL RISORGIMENTO;da specificare;;;;ALTEZZA VIA COLA DI RIENZO;Scontro laterale fra veicoli in marcia;Rettilineo;Una carreggiata a doppio senso;Asciutto;Asfaltata;Verticale ed orizzontale;Sereno;Intenso;Buona;Ore Diurne;0;0;0;3;12,45881;41,90632;-1;2;Autovettura di polizia;In marcia / fermata / arresto;Conducente;M;Illeso;0;;;
3641417;17;16/01/2018 06:15;Strada Urbana;PIAZZA DEL RISORGIMENTO;da specificare;;;;ALTEZZA VIA COLA DI RIENZO;Scontro laterale fra veicoli in marcia;Rettilineo;Una carreggiata a doppio senso;Asciutto;Asfaltata;Verticale ed orizzontale;Sereno;Intenso;Buona;Ore Diurne;0;0;0;3;12,45881;41,90632;-1;2;Autovettura di polizia;In marcia / fermata / arresto;Passeggero;M;Illeso;0;;;
3641473;9;16/01/2018 13:45;Strada Urbana;VIA GIULIO CESARE CORDARA;in corrispondenza;;del civico n.;20/22;;Veicolo in marcia contro treno;Rettilineo;Una carreggiata a senso unico di marcia;Bagnato (pioggia);Asfaltata;Assente;Nuvoloso;Normale;Buona;Ore Diurne;0;0;0;2;12,52466;41,86882;-1;1;Autovettura privata;In marcia / fermata / arresto;Passeggero;M;Illeso;0;;Non accertato;Inesploso
3641473;9;16/01/2018 13:45;Strada Urbana;VIA GIULIO CESARE CORDARA;in corrispondenza;;del civico n.;20/22;;Veicolo in marcia contro treno;Rettilineo;Una carreggiata a senso unico di marcia;Bagnato (pioggia);Asfaltata;Assente;Nuvoloso;Normale;Buona;Ore Diurne;0;0;0;2;12,52466;41,86882;-1;1;Autovettura privata;In marcia / fermata / arresto;Conducente;M;Illeso;0;;Non accertato;Inesploso
3641475;17;16/01/2018 10:00;Strada Urbana;VIA DI PORTA CASTELLO;all'intersezione con;VIA ALBERICO II;VIA ALBERICO II;;;Scontro frontale/laterale SX fra veicoli in marcia;Intersezione stradale segnalata;Due carreggiate;Bagnato (pioggia);Asfaltata;Verticale ed orizzontale;Pioggia in atto;Normale;Buona;Ore Diurne;0;0;0;2;12,46329;41,90482;-1;1;Autovettura privata;In marcia / fermata / arresto;Conducente;M;Illeso;0;;Non accertato;Inesploso
3641475;17;16/01/2018 10:00;Strada Urbana;VIA DI PORTA CASTELLO;all'intersezione con;VIA ALBERICO II;VIA ALBERICO II;;;Scontro frontale/laterale SX fra veicoli in marcia;Intersezione stradale segnalata;Due carreggiate;Bagnato (pioggia);Asfaltata;Verticale ed orizzontale;Pioggia in atto;Normale;Buona;Ore Diurne;0;0;0;2;12,46329;41,90482;-1;2;Autovettura privata;In marcia / fermata / arresto;Conducente;F;Illeso;0;;Non accertato;Inesploso
3641539;19;16/01/2018 15:40;Strada Urbana;VIA DI CASAL DEL MARMO;da specificare;;;;in prossimità di via A. Miola;Veicolo in marcia contro ostacolo fisso;Rettilineo;Una carreggiata a doppio senso;Bagnato (pioggia);Asfaltata;Orizzontale;Pioggia in atto;Normale;Buona;Ore Diurne;1;0;0;0;12,38899;41,94215;-1;1;Autovettura privata;In marcia / fermata / arresto;Conducente;M;Rifiuta cure immediate;0;NON DECEDUTO;Non accertato;Inesploso
3641690;13;16/01/2018 16:50;Strada Urbana;VIA EGNA;in corrispondenza;;del civico n.;4;;Scontro frontale/laterale DX fra veicoli in marcia;Rettilineo;Una carreggiata a senso unico di marcia;Asciutto;Asfaltata;Assente;Sereno;Scarso;Sufficiente;Sufficiente;0;0;0;2;12,36017;41,73415;-1;1;Autovettura privata;In marcia / fermata / arresto;Conducente;M;Illeso;0;;Non accertato;Inesploso