Protocollo;Gruppo;DataOraIncidente;Localizzazione1;STRADA1;Localizzazione2;STRADA2;Strada02;Chilometrica;DaSpecificare;NaturaIncidente;particolaritastrade;TipoStrada;FondoStradale;Pavimentazione;Segnaletica;CondizioneAtmosferica;Traffico;Visibilita;Illuminazione;NUM_FERITI;NUM_RISERVATA;NUM_MORTI;NUM_ILLESI;Longitudine;Latitudine;Confermato;Progressivo;TipoVeicolo;StatoVeicolo;TipoPersona;Sesso;Tipolesione;Deceduto;DecedutoDopo;CinturaCascoUtilizzato;Airbag
3649237;13;21/01/2018 09:40;Strada Urbana;VIA DI SAPONARA;all'intersezione con;VIA GINO BONICHI;VIA GINO BONICHI;;;Scontro frontale/laterale SX fra veicoli in marcia;Intersezione stradale segnalata;Una carreggiata a doppio senso;Asciutto;Asfaltata;Verticale ed orizzontale;Sereno;Normale;Buona;Ore Diurne;1;0;0;1;12,34524;41,77414;-1;2;Autovettura privata;In marcia / fermata / arresto;Conducente;F;Illeso;0;;Non accertato;Esploso
3649239;15;20/01/2018 10:55;Strada Urbana;VIA PORTUENSE;da specificare;;;;fronte civico 731/G;Scontro laterale fra veicoli in marcia;Rettilineo;Una carreggiata a doppio senso;Asciutto;Asfaltata;Verticale ed orizzontale;Sereno;Normale;Buona;Ore Diurne;1;0;0;1;12,35585;41,82718;-1;1;Motociclo a solo;In marcia / fermata / arresto;Conducente;M;Rimandato;0;NON DECEDUTO;Utilizzato;
3649239;15;20/01/2018 10:55;Strada Urbana;VIA PORTUENSE;da specificare;;;;fronte civico 731/G;Scontro laterale fra veicoli in marcia;Rettilineo;Una carreggiata a doppio senso;Asciutto;Asfaltata;Verticale ed orizzontale;Sereno;Normale;Buona;Ore Diurne;1;0;0;1;12,35585;41,82718;-1;2;Autovettura privata;In marcia / fermata / arresto;Conducente;M;Illeso;0;;Utilizzato;Inesploso
3649240;7;19/01/2018 20:30;Strada Urbana;VIA DEI SESAMI;in corrispondenza;;del civico n.;9;;Veicolo in marcia contro ostacolo accidentale;Rettilineo;Due carreggiate;Asciutto;Asfaltata;Assente;Sereno;Scarso;Buona;Sufficiente;0;0;0;2;12,57242;41,88315;-1;1;Autovettura privata;In marcia / fermata / arresto;Conducente;M;Illeso;0;;;
3649240;7;19/01/2018 20:30;Strada Urbana;VIA DEI SESAMI;in corrispondenza;;del civico n.;9;;Veicolo in marcia contro ostacolo accidentale;Rettilineo;Due carreggiate;Asciutto;Asfaltata;Assente;Sereno;Scarso;Buona;Sufficiente;0;0;0;2;12,57242;41,88315;-1;1;Autovettura privata;In marcia / fermata / arresto;Passeggero;F;Illeso;0;;;
3649245;13;21/01/2018 21:00;Strada Urbana;VIA DI ACILIA;in prossimità;;del palo luce n.;25;;Scontro laterale fra veicoli in marcia;Rettilineo;Una carreggiata a doppio senso;Asciutto;Asfaltata;Assente;Sereno;Normale;Buona;Sufficiente;1;0;0;1;12,36817;41,77853;-1;1;Autovettura privata;In marcia / fermata / arresto;Conducente;F;Rimandato;0;NON DECEDUTO;Non accertato;Esploso
3649245;13;21/01/2018 21:00;Strada Urbana;VIA DI ACILIA;in prossimità;;del palo luce n.;25;;Scontro laterale fra veicoli in marcia;Rettilineo;Una carreggiata a doppio senso;Asciutto;Asfaltata;Assente;Sereno;Normale;Buona;Sufficiente;1;0;0;1;12,36817;41,77853;-1;2;Autovettura privata;In marcia / fermata / arresto;Conducente;F;Illeso;0;;Non accertato;Inesploso
3649246;5;20/01/2018 00:31;Strada Urbana;VIA TIBURTINA;all'intersezione con;VIA SAMBUCI;VIA SAMBUCI;;;Scontro frontale/laterale SX fra veicoli in marcia;Incrocio;Due carreggiate;Asciutto;Asfaltata;Verticale ed orizzontale;Nuvoloso;Scarso;Buona;Sufficiente;0;0;0;2;12,61253;41,93588;-1;1;Autovettura privata;In marcia / fermata / arresto;Conducente;M;Illeso;0;;Non accertato;Inesploso
3649246;5;20/01/2018 00:31;Strada Urbana;VIA TIBURTINA;all'intersezione con;VIA SAMBUCI;VIA SAMBUCI;;;Scontro frontale/laterale SX fra veicoli in marcia;Incrocio;Due carreggiate;Asciutto;Asfaltata;Verticale ed orizzontale;Nuvoloso;Scarso;Buona;Sufficiente;0;0;0;2;12,61253;41,93588;-1;2;Autovettura privata;In marcia / fermata / arresto;Conducente;M;Illeso;0;;Non accertato;Esploso
3649247;20;21/01/2018 19:00;Strada Urbana;VIA CASSIA;in prossimità;;del civico n.;1690;;Scontro frontale/laterale SX fra veicoli in marcia;Rettilineo;Una carreggiata a doppio senso;Asciutto;Asfaltata;Verticale ed orizzontale;Sereno;Normale;Sufficiente;Insufficiente;2;0;0;2;12,38176;42,00385;-1;1;Autocarro inferiore 35 q.;In marcia / fermata / arresto;Conducente;M;Illeso;0;;Non accertato;
3649247;20;21/01/2018 19:00;Strada Urbana;VIA CASSIA;in prossimità;;del civico n.;1690;;Scontro frontale/laterale SX fra veicoli in marcia;Rettilineo;Una carreggiata a doppio senso;Asciutto;Asfaltata;Verticale ed orizzontale;Sereno;Normale;Sufficiente;Insufficiente;2;0;0;2;12,38176;42,00385;-1;2;Autovettura privata;In marcia / fermata / arresto;Conducente;M;Rimandato;0;NON DECEDUTO;Non accertato;
3649247;20;21/01/2018 19:00;Strada Urbana;VIA CASSIA;in prossimità;;del civico n.;1690;;Scontro frontale/laterale SX fra veicoli in marcia;Rettilineo;Una carreggiata a doppio senso;Asciutto;Asfaltata;Verticale ed orizzontale;Sereno;Normale;Sufficiente;Insufficiente;2;0;0;2;12,38176;42,00385;-1;2;Autovettura privata;In marcia / fermata / arresto;Passeggero;F;Rimandato;0;NON DECEDUTO;Non accertato;
3649247;20;21/01/2018 19:00;Strada Urbana;VIA CASSIA;in prossimità;;del civico n.;1690;;Scontro frontale/laterale SX fra veicoli in marcia;Rettilineo;Una carreggiata a doppio senso;Asciutto;Asfaltata;Verticale ed orizzontale;Sereno;Normale;Sufficiente;Insufficiente;2;0;0;2;12,38176;42,00385;-1;2;Autovettura privata;In marcia / fermata / arresto;Passeggero;F;Illeso;0;;Non accertato;
3649252;10;19/01/2018 17:40;Strada Urbana;VIA DI PASSOLOMBARDO;in prossimità;;del civico n.;2;;Veicolo in marcia contro ostacolo accidentale;Rettilineo;Una carreggiata a doppio senso;Bagnato (pioggia);Asfaltata;Assente;Nuvoloso;Normale;Insufficiente;Insufficiente;0;0;0;1;12,63242;41,83819;-1;1;Autovettura privata;In marcia / fermata / arresto;Conducente;F;Illeso;0;;Non accertato;Inesploso
3649253;10;19/01/2018 18:35;Strada Urbana;VIA DI PASSO LOMBARDO;in prossimità;;del civico n.;242;;Veicolo in marcia contro ostacolo accidentale;Rettilineo;Una carreggiata a doppio senso;Bagnato (pioggia);Asfaltata;Assente;Nuvoloso;Normale;Insufficiente;Insufficiente;0;0;0;1;12,63356;41,83451;-1;1;Autovettura privata;In marcia / fermata / arresto;Conducente;M;Illeso;0;;Non accertato;Inesploso
3649259;10;19/01/2018 18:33;Strada Urbana;VIA DI CASAL MORENA;in prossimità;;del civico n.;96;;Scontro frontale/laterale DX fra veicoli in marcia;Rettilineo;Una carreggiata a doppio senso;Bagnato (umidità in atto);Asfaltata;Assente;Nuvoloso;Scarso;Sufficiente;Sufficiente;0;0;0;2;12,61708;41,82236;-1;1;Autovettura privata;In marcia / fermata / arresto;Conducente;M;Illeso;0;;Non accertato;Inesploso
3649259;10;19/01/2018 18:33;Strada Urbana;VIA DI CASAL MORENA;in prossimità;;del civico n.;96;;Scontro frontale/laterale DX fra veicoli in marcia;Rettilineo;Una carreggiata a doppio senso;Bagnato (umidità in atto);Asfaltata;Assente;Nuvoloso;Scarso;Sufficiente;Sufficiente;0;0;0;2;12,61708;41,82236;-1;2;Autovettura privata;In marcia / fermata / arresto;Conducente;F;Illeso;0;;Non accertato;Inesploso
3649260;5;20/01/2018 04:10;Strada Urbana;VIA IGINO GIORDANI;in corrispondenza;;del civico n.;6;;Scontro laterale fra veicoli in marcia;Rettilineo;Una carreggiata a doppio senso;Asciutto;Asfaltata;Orizzontale;Sereno;Scarso;Buona;Sufficiente;0;0;0;2;12,55984;41,90621;-1;1;Autovettura privata;In marcia / fermata / arresto;Conducente;M;Illeso;0;;Non accertato;
3649260;5;20/01/2018 04:10;Strada Urbana;VIA IGINO GIORDANI;in corrispondenza;;del civico n.;6;;Scontro laterale fra veicoli in marcia;Rettilineo;Una carreggiata a doppio senso;Asciutto;Asfaltata;Orizzontale;Sereno;Scarso;Buona;Sufficiente;0;0;0;2;12,55984;41,90621;-1;2;Autovettura privata;In marcia / fermata / arresto;Conducente;M;Illeso;0;;Non accertato;
3649262;10;20/01/2018 06:20;Strada Urbana;VIA TUSCOLANA;da specificare;;;;"INIZIO CAVALCAVIA ALTEZZA ""OSTERIA DEL CURATO""";Veicolo in marcia contro ostacolo fisso;Rettilineo;Due carreggiate;Bagnato (brina);Asfaltata;Verticale ed orizzontale;Sereno;Scarso;Sufficiente;Sufficiente;1;0;0;0;12,58149;41,84445;-1;1;Autovettura privata;In marcia / fermata / arresto;Conducente;M;Rimandato;0;NON DECEDUTO;Non accertato;Inesploso
3649263;10;19/01/2018 17:20;Strada Urbana;VIA DI PASSOLOMBARDO;in prossimità;;del civico n.;226;;Veicolo in marcia contro ostacolo accidentale;Rettilineo;Una carreggiata a doppio senso;Bagnato (pioggia);Asfaltata;Assente;Nuvoloso;Normale;Insufficiente;Inesistente;0;0;0;1;12,63435;41,8332;-1;1;Autovettura privata;In marcia / fermata / arresto;Conducente;M;Illeso;0;;Non accertato;Inesploso
3649265;10;19/01/2018 19:15;Strada Urbana;VIA TUSCOLANA;da specificare;;;;Complanare Tuscolana a 10mt da Via Di Casal Morena;Veicolo in marcia contro ostacolo accidentale;Curva a visuale libera;Una carreggiata a senso unico di marcia;Bagnato (umidità in atto);Asfaltata;Verticale ed orizzontale;Nuvoloso;Normale;Insufficiente;Insufficiente;0;0;0;1;12,61942;41,8305;-1;1;Autovettura privata;In marcia / fermata / arresto;Conducente;M;Illeso;0;;Non accertato;Inesploso
3649269;20;21/01/2018 17:45;Strada Urbana;PIAZZALE DI PONTE MILVIO;da specificare;;;;fronte torretta;Investimento di pedone;Rettilineo;Una carreggiata a senso unico di marcia;Asciutto;Asfaltata;Verticale ed orizzontale;Nebbia;Normale;Sufficiente;Sufficiente;1;0;0;1;12,46606;41,93721;-1;;;;Pedone;F;Rimandato;0;NON DECEDUTO;;
3649269;20;21/01/2018 17:45;Strada Urbana;PIAZZALE DI PONTE MILVIO;da specificare;;;;fronte torretta;Investimento di pedone;Rettilineo;Una carreggiata a senso unico di marcia;Asciutto;Asfaltata;Verticale ed orizzontale;Nebbia;Normale;Sufficiente;Sufficiente;1;0;0;1;12,46606;41,93721;-1;1;Autovettura privata;In marcia / fermata / arresto;Conducente;M;Illeso;0;;Non accertato;Inesploso
3649275;10;19/01/2018 18:12;Strada Urbana;VIA DI PASSOLOMBARDO;in prossimità;;del civico n.;242;;Veicolo in marcia contro ostacolo accidentale;Rettilineo;Una carreggiata a doppio senso;Bagnato (umidità in atto);Asfaltata;Verticale ed orizzontale;Nuvoloso;Normale;Insufficiente;Inesistente;0;0;0;1;12,63356;41,83451;-1;1;Autovettura privata;In marcia / fermata / arresto;Conducente;F;Illeso;0;;Non accertato;Inesploso
3649279;20;21/01/2018 13:15;Provinciale;VIA BRACCIANENSE;in corrispondenza;;della chilometrica;10;;Veicolo in marcia contro ostacolo accidentale;Rettilineo;Una carreggiata a doppio senso;Asciutto;Con buche;Verticale ed orizzontale;Sereno;Normale;Buona;Ore Diurne;0;0;0;2;12,37287;42,01022;-1;1;Autovettura privata;In marcia / fermata / arresto;Conducente;M;Illeso;0;;Non accertato;
3649279;20;21/01/2018 13:15;Provinciale;VIA BRACCIANENSE;in corrispondenza;;della chilometrica;10;;Veicolo in marcia contro ostacolo accidentale;Rettilineo;Una carreggiata a doppio senso;Asciutto;Con buche;Verticale ed orizzontale;Sereno;Normale;Buona;Ore Diurne;0;0;0;2;12,37287;42,01022;-1;1;Autovettura privata;In marcia / fermata / arresto;Passeggero;F;Illeso;0;;;
3649283;15;21/01/2018 12:55;Provinciale;VIA PORTUENSE;da specificare;;;;altezza cavalcavia Rm/Fiumino ;Scontro frontale/laterale SX fra veicoli in marcia;Rettilineo;Una carreggiata a doppio senso;Bagnato (umidità in atto);Asfaltata;Assente;Sereno;Normale;Buona;Ore Diurne;0;0;0;3;12,35585;41,82718;-1;1;Autovettura privata;In marcia / fermata / arresto;Conducente;M;Illeso;0;;;
3649283;15;21/01/2018 12:55;Provinciale;VIA PORTUENSE;da specificare;;;;altezza cavalcavia Rm/Fiumino ;Scontro frontale/laterale SX fra veicoli in marcia;Rettilineo;Una carreggiata a doppio senso;Bagnato (umidità in atto);Asfaltata;Assente;Sereno;Normale;Buona;Ore Diurne;0;0;0;3;12,35585;41,82718;-1;2;Autovettura privata;In marcia / fermata / arresto;Conducente;F;Illeso;0;;;
3649283;15;21/01/2018 12:55;Provinciale;VIA PORTUENSE;da specificare;;;;altezza cavalcavia Rm/Fiumino ;Scontro frontale/laterale SX fra veicoli in marcia;Rettilineo;Una carreggiata a doppio senso;Bagnato (umidità in atto);Asfaltata;Assente;Sereno;Normale;Buona;Ore Diurne;0;0;0;3;12,35585;41,82718;-1;2;Autovettura privata;In marcia / fermata / arresto;Passeggero;F;Illeso;0;;;Inesploso
3649285;10;20/01/2018 01:40;Strada Urbana;VIA DI ACQUA BULLICANTE;all'intersezione semaforizzata con;VIA AVERSA;VIA AVERSA;;;Scontro frontale/laterale DX fra veicoli in marcia;Intersezione semaforizzata;Due carreggiate;Asciutto;Asfaltata;Verticale ed orizzontale;Sereno;Scarso;Sufficiente;Sufficiente;0;0;0;3;12,54204;41,89108;-1;1;Autovettura privata;In marcia / fermata / arresto;Conducente;M;Illeso;0;;Non accertato;Inesploso
3649285;10;20/01/2018 01:40;Strada Urbana;VIA DI ACQUA BULLICANTE;all'intersezione semaforizzata con;VIA AVERSA;VIA AVERSA;;;Scontro frontale/laterale DX fra veicoli in marcia;Intersezione semaforizzata;Due carreggiate;Asciutto;Asfaltata;Verticale ed orizzontale;Sereno;Scarso;Sufficiente;Sufficiente;0;0;0;3;12,54204;41,89108;-1;1;Autovettura privata;In marcia / fermata / arresto;Passeggero;F;Illeso;0;;Non accertato;Inesploso
3649285;10;20/01/2018 01:40;Strada Urbana;VIA DI ACQUA BULLICANTE;all'intersezione semaforizzata con;VIA AVERSA;VIA AVERSA;;;Scontro frontale/laterale DX fra veicoli in marcia;Intersezione semaforizzata;Due carreggiate;Asciutto;Asfaltata;Verticale ed orizzontale;Sereno;Scarso;Sufficiente;Sufficiente;0;0;0;3;12,54204;41,89108;-1;2;Autovettura privata;In marcia / fermata / arresto;Conducente;M;Illeso;0;;Non accertato;Inesploso
3649288;5;20/01/2018 11:55;Strada Urbana;VIA DEI DURANTINI;in prossimità;;del civico n.;221;;Scontro laterale fra veicoli in marcia;Rettilineo;Una carreggiata a doppio senso;Asciutto;Asfaltata;Verticale ed orizzontale;Sereno;Normale;Buona;Ore Diurne;0;0;0;3;12,54383;41,91754;-1;1;Autobus di linea;In marcia / fermata / arresto;Conducente;M;Illeso;0;;Non accertato;Inesploso
3649288;5;20/01/2018 11:55;Strada Urbana;VIA DEI DURANTINI;in prossimità;;del civico n.;221;;Scontro laterale fra veicoli in marcia;Rettilineo;Una carreggiata a doppio senso;Asciutto;Asfaltata;Verticale ed orizzontale;Sereno;Normale;Buona;Ore Diurne;0;0;0;3;12,54383;41,91754;-1;2;Autovettura privata;In marcia / fermata / arresto;Conducente;F;Illeso;0;;Non accertato;Inesploso
3649288;5;20/01/2018 11:55;Strada Urbana;VIA DEI DURANTINI;in prossimità;;del civico n.;221;;Scontro laterale fra veicoli in marcia;Rettilineo;Una carreggiata a doppio senso;Asciutto;Asfaltata;Verticale ed orizzontale;Sereno;Normale;Buona;Ore Diurne;0;0;0;3;12,54383;41,91754;-1;2;Autovettura privata;In marcia / fermata / arresto;Passeggero;F;Illeso;0;;Non accertato;Inesploso
3649291;9;20/01/2018 12:00;Strada Urbana;VIA GIUSEPPE DE LEVA;in prossimità;;del civico n.;1;;Veicolo in marcia contro veicolo fermo;Rettilineo;Una carreggiata a senso unico di marcia;Asciutto;Asfaltata;Verticale ed orizzontale;Sereno;Normale;Buona;Ore Diurne;0;0;0;3;12,5282;41,86917;-1;1;Autovettura privata;In marcia / fermata / arresto;Conducente;M;Illeso;0;;Non accertato;Inesploso
3649291;9;20/01/2018 12:00;Strada Urbana;VIA GIUSEPPE DE LEVA;in prossimità;;del civico n.;1;;Veicolo in marcia contro veicolo fermo;Rettilineo;Una carreggiata a senso unico di marcia;Asciutto;Asfaltata;Verticale ed orizzontale;Sereno;Normale;Buona;Ore Diurne;0;0;0;3;12,5282;41,86917;-1;1;Autovettura privata;In marcia / fermata / arresto;Passeggero;F;Illeso;0;;Non accertato;Inesploso
3649291;9;20/01/2018 12:00;Strada Urbana;VIA GIUSEPPE DE LEVA;in prossimità;;del civico n.;1;;Veicolo in marcia contro veicolo fermo;Rettilineo;Una carreggiata a senso unico di marcia;Asciutto;Asfaltata;Verticale ed orizzontale;Sereno;Normale;Buona;Ore Diurne;0;0;0;3;12,5282;41,86917;-1;2;Autovettura privata;In marcia / fermata / arresto;Conducente;M;Illeso;0;;Non accertato;Inesploso
3649292;10;20/01/2018 09:00;Strada Urbana;VIA GIOVANNI CENSORI;in corrispondenza;;del civico n.;48;;Scontro frontale/laterale SX fra veicoli in marcia;Rettilineo;Una carreggiata a doppio senso;Asciutto;Asfaltata;Verticale;Sereno;Scarso;Buona;Ore Diurne;0;0;0;2;12,62346;41,84276;-1;1;Autovettura privata;In marcia / fermata / arresto;Conducente;F;Illeso;0;;;
3649292;10;20/01/2018 09:00;Strada Urbana;VIA GIOVANNI CENSORI;in corrispondenza;;del civico n.;48;;Scontro frontale/laterale SX fra veicoli in marcia;Rettilineo;Una carreggiata a doppio senso;Asciutto;Asfaltata;Verticale;Sereno;Scarso;Buona;Ore Diurne;0;0;0;2;12,62346;41,84276;-1;2;Autovettura privata;In marcia / fermata / arresto;Conducente;F;Illeso;0;;;
3649293;9;20/01/2018 06:40;Strada Urbana;VIA MAGNAGRECIA;da specificare;;;;fr. civ. 7;Scontro laterale fra veicoli in marcia;Rettilineo;Una carreggiata a doppio senso;Asciutto;Asfaltata;Verticale ed orizzontale;Sereno;Scarso;Buona;Sufficiente;0;0;0;2;12,50883;41,88326;-1;1;Autocarro inferiore 35 q.;In marcia / fermata / arresto;Conducente;M;Illeso;0;;Non accertato;Inesploso
3649293;9;20/01/2018 06:40;Strada Urbana;VIA MAGNAGRECIA;da specificare;;;;fr. civ. 7;Scontro laterale fra veicoli in marcia;Rettilineo;Una carreggiata a doppio senso;Asciutto;Asfaltata;Verticale ed orizzontale;Sereno;Scarso;Buona;Sufficiente;0;0;0;2;12,50883;41,88326;-1;2;Autovettura privata;In marcia / fermata / arresto;Conducente;F;Illeso;0;;Non accertato;Inesploso
3649298;19;20/01/2018 12:50;Strada Urbana;VIA ROMEO RODRIGUEZ PEREIRA;in corrispondenza;;del civico n.;219;;Scontro laterale fra veicoli in marcia;Rettilineo;Una carreggiata a doppio senso;Asciutto;Asfaltata;Assente;Sereno;Normale;Buona;Ore Diurne;0;0;0;2;12,43702;41,92014;-1;1;Autovettura privata;In marcia / fermata / arresto;Conducente;M;Illeso;0;;;
3649298;19;20/01/2018 12:50;Strada Urbana;VIA ROMEO RODRIGUEZ PEREIRA;in corrispondenza;;del civico n.;219;;Scontro laterale fra veicoli in marcia;Rettilineo;Una carreggiata a doppio senso;Asciutto;Asfaltata;Assente;Sereno;Normale;Buona;Ore Diurne;0;0;0;2;12,43702;41,92014;-1;2;Autovettura privata;In marcia / fermata / arresto;Conducente;F;Illeso;0;;;
3649300;11;20/01/2018 11:00;Strada Urbana;VIA BALDASSARRE CASTIGLIONE;all'intersezione con;VIA NICOLA SPEDALIERI;VIA NICOLA SPEDALIERI;;;Scontro frontale/laterale DX fra veicoli in marcia;Intersezione stradale segnalata;Una carreggiata a doppio senso;Asciutto;Asfaltata;Verticale ed orizzontale;Sereno;Normale;Buona;Ore Diurne;1;0;0;1;12,48507;41,84415;-1;1;Autocarro inferiore 35 q.;In marcia / fermata / arresto;Conducente;M;Illeso;0;;Non accertato;
3649300;11;20/01/2018 11:00;Strada Urbana;VIA BALDASSARRE CASTIGLIONE;all'intersezione con;VIA NICOLA SPEDALIERI;VIA NICOLA SPEDALIERI;;;Scontro frontale/laterale DX fra veicoli in marcia;Intersezione stradale segnalata;Una carreggiata a doppio senso;Asciutto;Asfaltata;Verticale ed orizzontale;Sereno;Normale;Buona;Ore Diurne;1;0;0;1;12,48507;41,84415;-1;2;Motociclo a solo;In marcia / fermata / arresto;Conducente;M;Rifiuta cure immediate;0;NON DECEDUTO;Non accertato;
3649303;17;20/01/2018 19:55;Strada Urbana;VIA TRIONFALE;in prossimità;;del civico n.;172;;Veicolo in marcia contro veicolo in sosta;Rettilineo;Una carreggiata a doppio senso;Asciutto;Asfaltata;Orizzontale;Sereno;Scarso;Sufficiente;Sufficiente;0;0;0;1;12,4495;41,91723;-1;1;Autovettura privata;In marcia / fermata / arresto;Conducente;M;Illeso;0;;;
3649304;5;21/01/2018 05:15;Strada Urbana;VIA TIBURTINA;in prossimità;;del civico n.;1180;;Veicolo in marcia contro ostacolo fisso;Rettilineo;Due carreggiate;Bagnato (umidità in atto);Asfaltata;Verticale;Nuvoloso;Scarso;Buona;Sufficiente;1;0;0;0;12,59857;41,93291;-1;1;Autovettura privata;In marcia / fermata / arresto;Conducente;M;Rimandato;0;NON DECEDUTO;Non accertato;Esploso
3649317;17;21/01/2018 06:10;Strada Urbana;VIA GREGORIO XI;da specificare;;;;fronte civico 26;Veicolo in marcia contro veicolo in sosta;Rettilineo;Una carreggiata a doppio senso;Asciutto;Asfaltata;Verticale ed orizzontale;Nuvoloso;Scarso;Sufficiente;Sufficiente;0;0;0;1;12,40674;41,89196;-1;1;Autovettura privata;In marcia / fermata / arresto;Conducente;M;Illeso;0;;;
3649318;16;18/01/2018 17:30;Strada Urbana;VIA DELLA PISANA;in corrispondenza;;del civico n.;114;;Tamponamento Multiplo;Rettilineo;Una carreggiata a doppio senso;Asciutto;Asfaltata;Verticale ed orizzontale;Sereno;Normale;Sufficiente;Sufficiente;1;0;0;2;12,41853;41,88308;-1;1;Autovettura privata;In marcia / fermata / arresto;Conducente;M;Illeso;0;;Non accertato;Inesploso
3649318;16;18/01/2018 17:30;Strada Urbana;VIA DELLA PISANA;in corrispondenza;;del civico n.;114;;Tamponamento Multiplo;Rettilineo;Una carreggiata a doppio senso;Asciutto;Asfaltata;Verticale ed orizzontale;Sereno;Normale;Sufficiente;Sufficiente;1;0;0;2;12,41853;41,88308;-1;2;Autovettura privata;In marcia / fermata / arresto;Conducente;M;Rimandato;0;NON DECEDUTO;Non accertato;Inesploso
3649318;16;18/01/2018 17:30;Strada Urbana;VIA DELLA PISANA;in corrispondenza;;del civico n.;114;;Tamponamento Multiplo;Rettilineo;Una carreggiata a doppio senso;Asciutto;Asfaltata;Verticale ed orizzontale;Sereno;Normale;Sufficiente;Sufficiente;1;0;0;2;12,41853;41,88308;-1;3;Autovettura privata;In marcia / fermata / arresto;Conducente;F;Illeso;0;;Non accertato;Inesploso
3649321;10;20/01/2018 15:30;Strada Urbana;VIA ANAGNINA;da specificare;;;;f.te. civ. 267 direz. fuori Roma;Scontro laterale fra veicoli in marcia;Rettilineo;Due carreggiate;Asciutto;Asfaltata;Orizzontale;Sereno;Normale;Buona;Ore Diurne;0;0;0;3;12,6075;41,82242;-1;1;Autovettura privata;In marcia / fermata / arresto;Conducente;M;Illeso;0;;Non accertato;Inesploso
3649321;10;20/01/2018 15:30;Strada Urbana;VIA ANAGNINA;da specificare;;;;f.te. civ. 267 direz. fuori Roma;Scontro laterale fra veicoli in marcia;Rettilineo;Due carreggiate;Asciutto;Asfaltata;Orizzontale;Sereno;Normale;Buona;Ore Diurne;0;0;0;3;12,6075;41,82242;-1;1;Autovettura privata;In marcia / fermata / arresto;Passeggero;F;Illeso;0;;Non accertato;Inesploso
3649321;10;20/01/2018 15:30;Strada Urbana;VIA ANAGNINA;da specificare;;;;f.te. civ. 267 direz. fuori Roma;Scontro laterale fra veicoli in marcia;Rettilineo;Due carreggiate;Asciutto;Asfaltata;Orizzontale;Sereno;Normale;Buona;Ore Diurne;0;0;0;3;12,6075;41,82242;-1;2;Autovettura privata;In marcia / fermata / arresto;Conducente;M;Illeso;0;;Non accertato;Inesploso
3649322;5;21/01/2018 21:55;Strada Urbana;VIA COLLATINA;da specificare;;;;300 mt. oltre via dell'Acqua Vergine;Fuoriuscita dalla sede stradale;Curva senza visuale libera;Una carreggiata a doppio senso;Viscido da liquidi oleosi;Asfaltata;Orizzontale;Sereno;Scarso;Buona;Sufficiente;2;0;0;0;12,63033;41,90938;-1;1;Autovettura privata;In marcia / fermata / arresto;Conducente;M;Rimandato;0;NON DECEDUTO;Non accertato;Inesploso
3649322;5;21/01/2018 21:55;Strada Urbana;VIA COLLATINA;da specificare;;;;300 mt. oltre via dell'Acqua Vergine;Fuoriuscita dalla sede stradale;Curva senza visuale libera;Una carreggiata a doppio senso;Viscido da liquidi oleosi;Asfaltata;Orizzontale;Sereno;Scarso;Buona;Sufficiente;2;0;0;0;12,63033;41,90938;-1;1;Autovettura privata;In marcia / fermata / arresto;Passeggero;F;Rimandato;0;NON DECEDUTO;Non accertato;Inesploso
3649330;13;21/01/2018 23:40;;VIALE DELLA VILLA DI PLINIO;da specificare;;;;direzione via C. Colombo;Veicolo in marcia contro ostacolo fisso;;;;;;;;;;0;0;0;2;12,34126;41,71481;0;1;Autovettura privata;In marcia / fermata / arresto;Conducente;M;Illeso;0;;Non accertato;Inesploso
3649330;13;21/01/2018 23:40;;VIALE DELLA VILLA DI PLINIO;da specificare;;;;direzione via C. Colombo;Veicolo in marcia contro ostacolo fisso;;;;;;;;;;0;0;0;2;12,34126;41,71481;0;1;Autovettura privata;In marcia / fermata / arresto;Passeggero;F;Illeso;0;;Non accertato;Inesploso
3649334;5;22/01/2018 05:00;Strada Urbana;VIA ALBERTO BERGAMINI;in prossimità;;del civico n.;50;;Veicolo in marcia contro veicolo fermo;Rettilineo;Due carreggiate;Asciutto;Asfaltata;Verticale ed orizzontale;Sereno;Scarso;Buona;Sufficiente;0;0;0;2;12,55403;41,90571;-1;1;Autovettura privata;In marcia / fermata / arresto;Conducente;M;Illeso;0;;Non accertato;Inesistente
3649334;5;22/01/2018 05:00;Strada Urbana;VIA ALBERTO BERGAMINI;in prossimità;;del civico n.;50;;Veicolo in marcia contro veicolo fermo;Rettilineo;Due carreggiate;Asciutto;Asfaltata;Verticale ed orizzontale;Sereno;Scarso;Buona;Sufficiente;0;0;0;2;12,55403;41,90571;-1;2;Autovettura privata;In marcia / fermata / arresto;Conducente;F;Illeso;0;;Non accertato;Inesistente
3649336;10;20/01/2018 22:15;Strada Urbana;VIA APPIA NUOVA;in prossimità;;del civico n.;610B;;Veicolo in marcia contro veicoli in sosta;Rettilineo;Due carreggiate;Asciutto;Asfaltata;Verticale;Nuvoloso;Normale;Buona;Sufficiente;0;0;0;2;12,52925;41,86911;-1;1;Autovettura privata;In marcia / fermata / arresto;Conducente;M;Illeso;0;;Non accertato;Inesploso