Protocollo;Gruppo;DataOraIncidente;Localizzazione1;STRADA1;Localizzazione2;STRADA2;Strada02;Chilometrica;DaSpecificare;NaturaIncidente;particolaritastrade;TipoStrada;FondoStradale;Pavimentazione;Segnaletica;CondizioneAtmosferica;Traffico;Visibilita;Illuminazione;NUM_FERITI;NUM_RISERVATA;NUM_MORTI;NUM_ILLESI;Longitudine;Latitudine;Confermato;Progressivo;TipoVeicolo;StatoVeicolo;TipoPersona;Sesso;Tipolesione;Deceduto;DecedutoDopo;CinturaCascoUtilizzato;Airbag
3656710;18;26/01/2018 04:10;Strada Urbana;VIALE DEGLI AMMIRAGLI;all'intersezione semaforizzata con;VIA ANASTASIO II;VIA ANASTASIO II;;;Scontro frontale/laterale DX fra veicoli in marcia;Intersezione semaforizzata;Più di due carreggiate;Asciutto;Asfaltata;Verticale ed orizzontale;Sereno;Scarso;Buona;Sufficiente;0;0;0;3;12,44491;41,9055;-1;1;Autovettura privata;In marcia / fermata / arresto;Conducente;M;Illeso;0;;;
3656710;18;26/01/2018 04:10;Strada Urbana;VIALE DEGLI AMMIRAGLI;all'intersezione semaforizzata con;VIA ANASTASIO II;VIA ANASTASIO II;;;Scontro frontale/laterale DX fra veicoli in marcia;Intersezione semaforizzata;Più di due carreggiate;Asciutto;Asfaltata;Verticale ed orizzontale;Sereno;Scarso;Buona;Sufficiente;0;0;0;3;12,44491;41,9055;-1;2;Autocarro inferiore 35 q.;In marcia / fermata / arresto;Conducente;F;Illeso;0;;;
3656710;18;26/01/2018 04:10;Strada Urbana;VIALE DEGLI AMMIRAGLI;all'intersezione semaforizzata con;VIA ANASTASIO II;VIA ANASTASIO II;;;Scontro frontale/laterale DX fra veicoli in marcia;Intersezione semaforizzata;Più di due carreggiate;Asciutto;Asfaltata;Verticale ed orizzontale;Sereno;Scarso;Buona;Sufficiente;0;0;0;3;12,44491;41,9055;-1;2;Autocarro inferiore 35 q.;In marcia / fermata / arresto;Passeggero;M;Illeso;0;;;
3656731;19;26/01/2018 15:10;Strada Urbana;VIA DI BOCCEA;all'intersezione con;VIA DELLA STORTA;VIA DELLA STORTA;;;Scontro laterale fra veicoli in marcia;Incrocio;Una carreggiata a doppio senso;Asciutto;Asfaltata;Verticale ed orizzontale;Nuvoloso;Normale;Buona;Ore Diurne;0;0;0;2;12,37296;41,92203;-1;1;Autovettura privata;In marcia / fermata / arresto;Conducente;M;Illeso;0;;;
3656731;19;26/01/2018 15:10;Strada Urbana;VIA DI BOCCEA;all'intersezione con;VIA DELLA STORTA;VIA DELLA STORTA;;;Scontro laterale fra veicoli in marcia;Incrocio;Una carreggiata a doppio senso;Asciutto;Asfaltata;Verticale ed orizzontale;Nuvoloso;Normale;Buona;Ore Diurne;0;0;0;2;12,37296;41,92203;-1;2;Autovettura privata;In marcia / fermata / arresto;Conducente;F;Illeso;0;;;
3656758;18;26/01/2018 08:10;Strada Urbana;VIA DELLE FORNACI;in corrispondenza;;del civico n.;19;;Scontro laterale fra veicoli in marcia;Rettilineo;Una carreggiata a senso unico di marcia;Asciutto;Asfaltata;Verticale;Sereno;Normale;Buona;Ore Diurne;0;0;0;1;12,45646;41,89954;-1;1;Autocarro inferiore 35 q.;In marcia / fermata / arresto;Conducente;M;Illeso;0;;;
3656821;18;26/01/2018 11:10;Statale;VIA AURELIA;da specificare;;;;KM 11+400 DIREZIONE CIVITAVECCHIA;Tamponamento;Rettilineo;Due carreggiate;Asciutto;Asfaltata;Verticale ed orizzontale;Sereno;Normale;Buona;Ore Diurne;0;0;0;2;12,38873;41,88752;-1;1;Autovettura privata;In marcia / fermata / arresto;Conducente;F;Illeso;0;;;
3656821;18;26/01/2018 11:10;Statale;VIA AURELIA;da specificare;;;;KM 11+400 DIREZIONE CIVITAVECCHIA;Tamponamento;Rettilineo;Due carreggiate;Asciutto;Asfaltata;Verticale ed orizzontale;Sereno;Normale;Buona;Ore Diurne;0;0;0;2;12,38873;41,88752;-1;2;Autovettura privata;In marcia / fermata / arresto;Conducente;F;Illeso;0;;;
3656835;16;25/01/2018 14:00;Strada Urbana;VIA LUIGI MERCANTINI;all'intersezione con;VIALE DELLE MURA GIANICOLENSI;VIALE DELLE MURA GIANICOLENSI;;;Investimento di pedone;Intersezione non regolata/non segnalata;Una carreggiata a senso unico di marcia;Asciutto;Asfaltata;Verticale ed orizzontale;Sereno;Normale;Buona;Ore Diurne;1;0;0;1;12,46106;41,88723;-1;;;;Pedone;F;Rimandato;0;NON DECEDUTO;;
3656835;16;25/01/2018 14:00;Strada Urbana;VIA LUIGI MERCANTINI;all'intersezione con;VIALE DELLE MURA GIANICOLENSI;VIALE DELLE MURA GIANICOLENSI;;;Investimento di pedone;Intersezione non regolata/non segnalata;Una carreggiata a senso unico di marcia;Asciutto;Asfaltata;Verticale ed orizzontale;Sereno;Normale;Buona;Ore Diurne;1;0;0;1;12,46106;41,88723;-1;1;Autovettura privata;In marcia / fermata / arresto;Conducente;F;Illeso;0;;Non accertato;Inesploso
3656911;16;26/01/2018 09:30;Strada Urbana;VIA DI MONTE VERDE;in corrispondenza;;del civico n.;148;;Veicolo in marcia contro veicolo in sosta;Rettilineo;Una carreggiata a doppio senso;Asciutto;Asfaltata;Verticale ed orizzontale;Nuvoloso;Normale;Buona;Ore Diurne;0;0;0;2;12,44537;41,86989;-1;2;Autovettura privata;In marcia / fermata / arresto;Conducente;M;Illeso;0;;Non accertato;Inesploso
3656911;16;26/01/2018 09:30;Strada Urbana;VIA DI MONTE VERDE;in corrispondenza;;del civico n.;148;;Veicolo in marcia contro veicolo in sosta;Rettilineo;Una carreggiata a doppio senso;Asciutto;Asfaltata;Verticale ed orizzontale;Nuvoloso;Normale;Buona;Ore Diurne;0;0;0;2;12,44537;41,86989;-1;2;Autovettura privata;In marcia / fermata / arresto;Passeggero;F;Illeso;0;;Non accertato;Inesploso
3656959;16;26/01/2018 11:30;Strada Urbana;PIAZZA IPPOLITO NIEVO;da specificare;;;;fronte civico 25;Tamponamento;Rettilineo;Più di due carreggiate;Asciutto;Asfaltata;Verticale ed orizzontale;Nuvoloso;Normale;Buona;Ore Diurne;0;0;0;4;12,46677;41,88044;0;1;Autovettura privata;In marcia / fermata / arresto;Conducente;M;Illeso;0;;;
3656959;16;26/01/2018 11:30;Strada Urbana;PIAZZA IPPOLITO NIEVO;da specificare;;;;fronte civico 25;Tamponamento;Rettilineo;Più di due carreggiate;Asciutto;Asfaltata;Verticale ed orizzontale;Nuvoloso;Normale;Buona;Ore Diurne;0;0;0;4;12,46677;41,88044;0;2;Autovettura privata;In marcia / fermata / arresto;Conducente;F;Illeso;0;;;
3656959;16;26/01/2018 11:30;Strada Urbana;PIAZZA IPPOLITO NIEVO;da specificare;;;;fronte civico 25;Tamponamento;Rettilineo;Più di due carreggiate;Asciutto;Asfaltata;Verticale ed orizzontale;Nuvoloso;Normale;Buona;Ore Diurne;0;0;0;4;12,46677;41,88044;0;2;Autovettura privata;In marcia / fermata / arresto;Passeggero;F;Illeso;0;;;
3656959;16;26/01/2018 11:30;Strada Urbana;PIAZZA IPPOLITO NIEVO;da specificare;;;;fronte civico 25;Tamponamento;Rettilineo;Più di due carreggiate;Asciutto;Asfaltata;Verticale ed orizzontale;Nuvoloso;Normale;Buona;Ore Diurne;0;0;0;4;12,46677;41,88044;0;2;Autovettura privata;In marcia / fermata / arresto;Passeggero;M;Illeso;0;;;
3656960;5;26/01/2018 16:00;Strada Urbana;VIA TURRIVALIGNANI;all'intersezione con;VIA MORRO D'ORO;VIA MORRO D'ORO;;;Scontro frontale/laterale SX fra veicoli in marcia;Incrocio;Una carreggiata a doppio senso;Asciutto;Asfaltata;Verticale ed orizzontale;Sereno;Normale;Buona;Ore Diurne;0;0;0;3;12,64875;41,933;-1;1;Autocarro inferiore 35 q.;In marcia / fermata / arresto;Conducente;F;Illeso;0;;Non accertato;Inesploso
3656960;5;26/01/2018 16:00;Strada Urbana;VIA TURRIVALIGNANI;all'intersezione con;VIA MORRO D'ORO;VIA MORRO D'ORO;;;Scontro frontale/laterale SX fra veicoli in marcia;Incrocio;Una carreggiata a doppio senso;Asciutto;Asfaltata;Verticale ed orizzontale;Sereno;Normale;Buona;Ore Diurne;0;0;0;3;12,64875;41,933;-1;2;Autocarro inferiore 35 q.;In marcia / fermata / arresto;Conducente;M;Illeso;0;;Non accertato;Inesploso
3656960;5;26/01/2018 16:00;Strada Urbana;VIA TURRIVALIGNANI;all'intersezione con;VIA MORRO D'ORO;VIA MORRO D'ORO;;;Scontro frontale/laterale SX fra veicoli in marcia;Incrocio;Una carreggiata a doppio senso;Asciutto;Asfaltata;Verticale ed orizzontale;Sereno;Normale;Buona;Ore Diurne;0;0;0;3;12,64875;41,933;-1;2;Autocarro inferiore 35 q.;In marcia / fermata / arresto;Passeggero;M;Illeso;0;;Non accertato;Inesploso
3656991;1;26/01/2018 06:40;Strada Urbana;VIA APPIA ANTICA;in prossimità;;del civico n.;1;;Veicolo in marcia contro ostacolo accidentale;Rettilineo;Una carreggiata a doppio senso;Asciutto;In cubetti di porfido;Verticale;Nuvoloso;Normale;Buona;Ore Diurne;0;0;0;1;;;0;1;Autobus di linea;In marcia / fermata / arresto;Conducente;M;Illeso;0;;Non accertato;
3657008;15;26/01/2018 13:00;Strada Urbana;VIA ODERISI DA GUBBIO;all'intersezione con;VIA DI POZZO PANTALEO;VIA DI POZZO PANTALEO;;;Scontro laterale fra veicoli in marcia;Intersezione stradale segnalata;Una carreggiata a senso unico di marcia;Asciutto;Asfaltata;Assente;Nuvoloso;Normale;Buona;Ore Diurne;0;0;0;3;12,4655;41,8659;-1;1;Autovettura privata;In marcia / fermata / arresto;Conducente;M;Illeso;0;;Non accertato;Inesploso
3657008;15;26/01/2018 13:00;Strada Urbana;VIA ODERISI DA GUBBIO;all'intersezione con;VIA DI POZZO PANTALEO;VIA DI POZZO PANTALEO;;;Scontro laterale fra veicoli in marcia;Intersezione stradale segnalata;Una carreggiata a senso unico di marcia;Asciutto;Asfaltata;Assente;Nuvoloso;Normale;Buona;Ore Diurne;0;0;0;3;12,4655;41,8659;-1;1;Autovettura privata;In marcia / fermata / arresto;Passeggero;M;Illeso;0;;;
3657008;15;26/01/2018 13:00;Strada Urbana;VIA ODERISI DA GUBBIO;all'intersezione con;VIA DI POZZO PANTALEO;VIA DI POZZO PANTALEO;;;Scontro laterale fra veicoli in marcia;Intersezione stradale segnalata;Una carreggiata a senso unico di marcia;Asciutto;Asfaltata;Assente;Nuvoloso;Normale;Buona;Ore Diurne;0;0;0;3;12,4655;41,8659;-1;2;Autovettura privata;In marcia / fermata / arresto;Conducente;F;Illeso;0;;Non accertato;Inesploso
3657040;6;26/01/2018 15:30;Strada Urbana;VIA VEROLI;all'intersezione con;VIA TOR DE' SCHIAVI;VIA TOR DE' SCHIAVI;;;Scontro laterale fra veicoli in marcia;Incrocio;Una carreggiata a senso unico di marcia;Asciutto;Asfaltata;Orizzontale;Sereno;Normale;Buona;Ore Diurne;0;0;0;2;12,55992;41,89197;-1;1;Autovettura privata;In marcia / fermata / arresto;Conducente;M;Illeso;0;;Non accertato;Inesploso
3657040;6;26/01/2018 15:30;Strada Urbana;VIA VEROLI;all'intersezione con;VIA TOR DE' SCHIAVI;VIA TOR DE' SCHIAVI;;;Scontro laterale fra veicoli in marcia;Incrocio;Una carreggiata a senso unico di marcia;Asciutto;Asfaltata;Orizzontale;Sereno;Normale;Buona;Ore Diurne;0;0;0;2;12,55992;41,89197;-1;2;Autovettura privata;In marcia / fermata / arresto;Passeggero;M;Illeso;0;;Non accertato;Inesploso
3657045;13;26/01/2018 18:40;Strada Urbana;VIA CESARE MACCARI;in corrispondenza;;del civico n.;88;;Veicolo in marcia contro ostacolo accidentale;Rettilineo;Una carreggiata a doppio senso;Asciutto;Con buche;Verticale;Sereno;Normale;Insufficiente;Insufficiente;0;0;0;2;12,3571;41,77493;-1;1;Autovettura privata;In marcia / fermata / arresto;Conducente;M;Illeso;0;;Non accertato;Inesploso
3657045;13;26/01/2018 18:40;Strada Urbana;VIA CESARE MACCARI;in corrispondenza;;del civico n.;88;;Veicolo in marcia contro ostacolo accidentale;Rettilineo;Una carreggiata a doppio senso;Asciutto;Con buche;Verticale;Sereno;Normale;Insufficiente;Insufficiente;0;0;0;2;12,3571;41,77493;-1;1;Autovettura privata;In marcia / fermata / arresto;Passeggero;F;Illeso;0;;Non accertato;Inesploso
3657109;12;26/01/2018 13:15;Strada Urbana;VIA CRISTOFORO COLOMBO;in prossimità;;del palo luce n.;392;;Infortunio per caduta del veicolo;Rettilineo;Più di due carreggiate;Asciutto;Asfaltata;Verticale ed orizzontale;Nuvoloso;Normale;Buona;Ore Diurne;1;0;0;0;12,41155;41,78584;-1;1;Motociclo a solo;In marcia / fermata / arresto;Conducente;M;Rimandato;0;NON DECEDUTO;Utilizzato;
3657120;12;26/01/2018 17:10;Strada Urbana;VIA DOMENICO RAGNINA;all'intersezione con;PIAZZA BERNARDO ZAMAGNA;PIAZZA BERNARDO ZAMAGNA;;;Veicolo in marcia contro ostacolo accidentale;Incrocio;Una carreggiata a senso unico di marcia;Asciutto;Asfaltata;Assente;Sereno;Scarso;Buona;Ore Diurne;0;0;0;1;12,50172;41,82433;-1;1;Autovettura privata;In marcia / fermata / arresto;Conducente;F;Illeso;0;;Non accertato;Inesploso
3657373;11;26/01/2018 12:20;Strada Urbana;PIAZZA GIOVANNI DA VERRAZZANO;all'intersezione semaforizzata con;PIAZZALE 12 OTTOBRE 1492;PIAZZALE 12 OTTOBRE 1492;;;Tamponamento;Intersezione semaforizzata;Due carreggiate;Asciutto;Asfaltata;Verticale ed orizzontale;Nuvoloso;Normale;Buona;Ore Diurne;1;0;0;2;12,48904;41,86892;-1;1;Autovettura privata;In marcia / fermata / arresto;Conducente;M;Illeso;0;;Non accertato;
3657373;11;26/01/2018 12:20;Strada Urbana;PIAZZA GIOVANNI DA VERRAZZANO;all'intersezione semaforizzata con;PIAZZALE 12 OTTOBRE 1492;PIAZZALE 12 OTTOBRE 1492;;;Tamponamento;Intersezione semaforizzata;Due carreggiate;Asciutto;Asfaltata;Verticale ed orizzontale;Nuvoloso;Normale;Buona;Ore Diurne;1;0;0;2;12,48904;41,86892;-1;1;Autovettura privata;In marcia / fermata / arresto;Passeggero;M;Illeso;0;;Non accertato;
3657373;11;26/01/2018 12:20;Strada Urbana;PIAZZA GIOVANNI DA VERRAZZANO;all'intersezione semaforizzata con;PIAZZALE 12 OTTOBRE 1492;PIAZZALE 12 OTTOBRE 1492;;;Tamponamento;Intersezione semaforizzata;Due carreggiate;Asciutto;Asfaltata;Verticale ed orizzontale;Nuvoloso;Normale;Buona;Ore Diurne;1;0;0;2;12,48904;41,86892;-1;2;Motociclo con passeggero;In marcia / fermata / arresto;Conducente;F;Rimandato;0;NON DECEDUTO;;
3657394;11;26/01/2018 13:00;Strada Urbana;VIA CRISTOFORO COLOMBO;all'intersezione semaforizzata con;VIA LAURENTINA;VIA LAURENTINA;;;Scontro frontale/laterale DX fra veicoli in marcia;Intersezione semaforizzata;Più di due carreggiate;Asciutto;Asfaltata;Verticale ed orizzontale;Nebbia;Normale;Buona;Ore Diurne;0;0;0;4;12,4791;41,84594;-1;1;Autovettura privata;In marcia / fermata / arresto;Conducente;M;Illeso;0;;Non accertato;
3657394;11;26/01/2018 13:00;Strada Urbana;VIA CRISTOFORO COLOMBO;all'intersezione semaforizzata con;VIA LAURENTINA;VIA LAURENTINA;;;Scontro frontale/laterale DX fra veicoli in marcia;Intersezione semaforizzata;Più di due carreggiate;Asciutto;Asfaltata;Verticale ed orizzontale;Nebbia;Normale;Buona;Ore Diurne;0;0;0;4;12,4791;41,84594;-1;1;Autovettura privata;In marcia / fermata / arresto;Passeggero;F;Illeso;0;;Non accertato;Inesistente
3657394;11;26/01/2018 13:00;Strada Urbana;VIA CRISTOFORO COLOMBO;all'intersezione semaforizzata con;VIA LAURENTINA;VIA LAURENTINA;;;Scontro frontale/laterale DX fra veicoli in marcia;Intersezione semaforizzata;Più di due carreggiate;Asciutto;Asfaltata;Verticale ed orizzontale;Nebbia;Normale;Buona;Ore Diurne;0;0;0;4;12,4791;41,84594;-1;1;Autovettura privata;In marcia / fermata / arresto;Passeggero;F;Illeso;0;;Non accertato;
3657394;11;26/01/2018 13:00;Strada Urbana;VIA CRISTOFORO COLOMBO;all'intersezione semaforizzata con;VIA LAURENTINA;VIA LAURENTINA;;;Scontro frontale/laterale DX fra veicoli in marcia;Intersezione semaforizzata;Più di due carreggiate;Asciutto;Asfaltata;Verticale ed orizzontale;Nebbia;Normale;Buona;Ore Diurne;0;0;0;4;12,4791;41,84594;-1;2;Autovettura privata;Allontanatosi;Conducente;M;Illeso;0;;;
3657411;17;26/01/2018 14:15;Strada Urbana;VIA ACHILLE PAPA;all'intersezione con;VIA CAPOSILE;VIA CAPOSILE;;;Scontro frontale/laterale DX fra veicoli in marcia;Incrocio;Due carreggiate;Asciutto;Asfaltata;Verticale ed orizzontale;Sereno;Scarso;Buona;Ore Diurne;1;0;0;1;12,46389;41,91967;-1;1;Autovettura privata;In marcia / fermata / arresto;Conducente;M;Illeso;0;;Non accertato;Inesploso
3657411;17;26/01/2018 14:15;Strada Urbana;VIA ACHILLE PAPA;all'intersezione con;VIA CAPOSILE;VIA CAPOSILE;;;Scontro frontale/laterale DX fra veicoli in marcia;Incrocio;Due carreggiate;Asciutto;Asfaltata;Verticale ed orizzontale;Sereno;Scarso;Buona;Ore Diurne;1;0;0;1;12,46389;41,91967;-1;2;Ciclomotore;In marcia / fermata / arresto;Conducente;M;Rimandato;0;NON DECEDUTO;;
3657425;11;26/01/2018 22:00;Strada Urbana;VIA DI S. PETRONILLA;in prossimità;;del palo luce n.;14;;Veicolo in marcia contro veicoli in sosta;Rettilineo;Una carreggiata a doppio senso;Asciutto;Asfaltata;Verticale ed orizzontale;Sereno;Scarso;Sufficiente;Sufficiente;0;0;0;1;12,49988;41,8577;-1;1;Autovettura privata;In marcia / fermata / arresto;Conducente;F;Illeso;0;;;
3657432;11;26/01/2018 22:10;Strada Urbana;VIALE PICO DELLA MIRANDOLA;all'intersezione semaforizzata con;VIA DI GROTTA PERFETTA;VIA DI GROTTA PERFETTA;;;Scontro frontale/laterale DX fra veicoli in marcia;Intersezione semaforizzata;Due carreggiate;Asciutto;Asfaltata;Verticale ed orizzontale;Sereno;Scarso;Buona;Sufficiente;1;0;0;1;12,48773;41,84753;-1;1;Autovettura privata;In marcia / fermata / arresto;Conducente;M;Illeso;0;;Non accertato;
3657432;11;26/01/2018 22:10;Strada Urbana;VIALE PICO DELLA MIRANDOLA;all'intersezione semaforizzata con;VIA DI GROTTA PERFETTA;VIA DI GROTTA PERFETTA;;;Scontro frontale/laterale DX fra veicoli in marcia;Intersezione semaforizzata;Due carreggiate;Asciutto;Asfaltata;Verticale ed orizzontale;Sereno;Scarso;Buona;Sufficiente;1;0;0;1;12,48773;41,84753;-1;2;Autovettura privata;In marcia / fermata / arresto;Conducente;M;Rimandato;0;NON DECEDUTO;Non accertato;
3657439;8;26/01/2018 07:50;;VIA PIERO CORTI;all'intersezione con;VIA DON ANGELO MELOTTO;VIA DON ANGELO MELOTTO;;;Infortunio per sola frenata improvvisa;;;;;;;;;;0;0;0;2;12,67186;41,90187;0;1;Motociclo a solo;In marcia / fermata / arresto;Conducente;M;Illeso;0;;Non accertato;
3657439;8;26/01/2018 07:50;;VIA PIERO CORTI;all'intersezione con;VIA DON ANGELO MELOTTO;VIA DON ANGELO MELOTTO;;;Infortunio per sola frenata improvvisa;;;;;;;;;;0;0;0;2;12,67186;41,90187;0;2;Autovettura privata;In marcia / fermata / arresto;Conducente;M;Illeso;0;;Non accertato;Inesploso
3657443;8;26/01/2018 19:24;Strada Urbana;VIA DI FONTANA CANDIDA;da specificare;;;;prossimità via ANTILLO;Veicolo in marcia contro veicolo fermo;Pendenza;Una carreggiata a doppio senso;Asciutto;Asfaltata;Assente;Sereno;Normale;Buona;Sufficiente;0;0;0;2;12,6879;41,86109;-1;1;Autovettura privata;In marcia / fermata / arresto;Conducente;M;Illeso;0;;Non accertato;Inesploso
3657443;8;26/01/2018 19:24;Strada Urbana;VIA DI FONTANA CANDIDA;da specificare;;;;prossimità via ANTILLO;Veicolo in marcia contro veicolo fermo;Pendenza;Una carreggiata a doppio senso;Asciutto;Asfaltata;Assente;Sereno;Normale;Buona;Sufficiente;0;0;0;2;12,6879;41,86109;-1;2;Autovettura privata;In marcia / fermata / arresto;Conducente;M;Illeso;0;;Non accertato;Inesploso
3657444;8;26/01/2018 12:15;Strada Urbana;VIA DI TORRENOVA;all'intersezione con;VIA ENDIMIONE;VIA ENDIMIONE;;;Scontro frontale/laterale DX fra veicoli in marcia;Incrocio;Una carreggiata a doppio senso;Asciutto;Asfaltata;Verticale ed orizzontale;Nuvoloso;Intenso;Buona;Ore Diurne;0;0;0;4;12,61918;41,87409;-1;1;Autovettura privata;In marcia / fermata / arresto;Conducente;M;Illeso;0;;Non accertato;Inesploso
3657444;8;26/01/2018 12:15;Strada Urbana;VIA DI TORRENOVA;all'intersezione con;VIA ENDIMIONE;VIA ENDIMIONE;;;Scontro frontale/laterale DX fra veicoli in marcia;Incrocio;Una carreggiata a doppio senso;Asciutto;Asfaltata;Verticale ed orizzontale;Nuvoloso;Intenso;Buona;Ore Diurne;0;0;0;4;12,61918;41,87409;-1;2;Autovettura privata;In marcia / fermata / arresto;Conducente;M;Illeso;0;;Non accertato;Inesploso
3657444;8;26/01/2018 12:15;Strada Urbana;VIA DI TORRENOVA;all'intersezione con;VIA ENDIMIONE;VIA ENDIMIONE;;;Scontro frontale/laterale DX fra veicoli in marcia;Incrocio;Una carreggiata a doppio senso;Asciutto;Asfaltata;Verticale ed orizzontale;Nuvoloso;Intenso;Buona;Ore Diurne;0;0;0;4;12,61918;41,87409;-1;2;Autovettura privata;In marcia / fermata / arresto;Passeggero;F;Illeso;0;;Non accertato;Inesploso
3657444;8;26/01/2018 12:15;Strada Urbana;VIA DI TORRENOVA;all'intersezione con;VIA ENDIMIONE;VIA ENDIMIONE;;;Scontro frontale/laterale DX fra veicoli in marcia;Incrocio;Una carreggiata a doppio senso;Asciutto;Asfaltata;Verticale ed orizzontale;Nuvoloso;Intenso;Buona;Ore Diurne;0;0;0;4;12,61918;41,87409;-1;2;Autovettura privata;In marcia / fermata / arresto;Passeggero;F;Illeso;0;;Non accertato;Inesploso
3657448;8;26/01/2018 13:00;Strada Urbana;VIA DI PASSOLOMBARDO;da specificare;;;;alt. cavalcavia RM/NA dir. Vermicino;Veicolo in marcia contro ostacolo accidentale;Curva a visuale libera;Una carreggiata a doppio senso;Asciutto;Asfaltata;Orizzontale;Nuvoloso;Normale;Buona;Ore Diurne;0;0;0;2;12,63136;41,84213;-1;1;Autovettura privata;In marcia / fermata / arresto;Conducente;M;Illeso;0;;Non accertato;Inesploso
3657448;8;26/01/2018 13:00;Strada Urbana;VIA DI PASSOLOMBARDO;da specificare;;;;alt. cavalcavia RM/NA dir. Vermicino;Veicolo in marcia contro ostacolo accidentale;Curva a visuale libera;Una carreggiata a doppio senso;Asciutto;Asfaltata;Orizzontale;Nuvoloso;Normale;Buona;Ore Diurne;0;0;0;2;12,63136;41,84213;-1;1;Autovettura privata;In marcia / fermata / arresto;Passeggero;F;Illeso;0;;Non accertato;Inesploso
3657451;8;26/01/2018 13:35;Strada Urbana;VIA GIOVANNI CAMILLO PERESIO;all'intersezione con;VIA CASILINA;VIA CASILINA;;;Investimento di pedone;Intersezione stradale segnalata;Una carreggiata a doppio senso;Asciutto;Asfaltata;Orizzontale;Nuvoloso;Scarso;Buona;Ore Diurne;2;0;0;1;12,5844;41,86757;-1;;;;Pedone;F;Rimandato;0;NON DECEDUTO;;
3657451;8;26/01/2018 13:35;Strada Urbana;VIA GIOVANNI CAMILLO PERESIO;all'intersezione con;VIA CASILINA;VIA CASILINA;;;Investimento di pedone;Intersezione stradale segnalata;Una carreggiata a doppio senso;Asciutto;Asfaltata;Orizzontale;Nuvoloso;Scarso;Buona;Ore Diurne;2;0;0;1;12,5844;41,86757;-1;;;;Pedone;F;Rimandato;0;NON DECEDUTO;;
3657451;8;26/01/2018 13:35;Strada Urbana;VIA GIOVANNI CAMILLO PERESIO;all'intersezione con;VIA CASILINA;VIA CASILINA;;;Investimento di pedone;Intersezione stradale segnalata;Una carreggiata a doppio senso;Asciutto;Asfaltata;Orizzontale;Nuvoloso;Scarso;Buona;Ore Diurne;2;0;0;1;12,5844;41,86757;-1;1;Autovettura privata;In marcia / fermata / arresto;Conducente;M;Illeso;0;;Non accertato;Inesploso
3657456;8;26/01/2018 18:45;Strada Urbana;VIA PRENESTINA;all'intersezione con;CIRCONVALLAZIONE ORIENTALE;CIRCONVALLAZIONE ORIENTALE;;;Investimento di pedone;Incrocio;Una carreggiata a doppio senso;Asciutto;Asfaltata;Orizzontale;Sereno;Normale;Buona;Sufficiente;1;0;0;2;12,61505;41,89346;-1;;;;Pedone;M;Rimandato;0;NON DECEDUTO;;
3657456;8;26/01/2018 18:45;Strada Urbana;VIA PRENESTINA;all'intersezione con;CIRCONVALLAZIONE ORIENTALE;CIRCONVALLAZIONE ORIENTALE;;;Investimento di pedone;Incrocio;Una carreggiata a doppio senso;Asciutto;Asfaltata;Orizzontale;Sereno;Normale;Buona;Sufficiente;1;0;0;2;12,61505;41,89346;-1;1;Autovettura privata;In marcia / fermata / arresto;Conducente;M;Illeso;0;;Non accertato;Inesploso
3657456;8;26/01/2018 18:45;Strada Urbana;VIA PRENESTINA;all'intersezione con;CIRCONVALLAZIONE ORIENTALE;CIRCONVALLAZIONE ORIENTALE;;;Investimento di pedone;Incrocio;Una carreggiata a doppio senso;Asciutto;Asfaltata;Orizzontale;Sereno;Normale;Buona;Sufficiente;1;0;0;2;12,61505;41,89346;-1;1;Autovettura privata;In marcia / fermata / arresto;Passeggero;F;Illeso;0;;Non accertato;Inesploso
3657574;20;26/01/2018 10:25;Regionale entro l'abitato;VIA FLAMINIA NUOVA;in prossimità;;della chilometrica;8;;Scontro laterale fra veicoli in marcia;Rettilineo;Due carreggiate;Asciutto;Asfaltata;Verticale ed orizzontale;Nuvoloso;Intenso;Buona;Ore Diurne;1;0;0;1;12,47724;41,95468;-1;1;Autovettura privata;In marcia / fermata / arresto;Conducente;M;Illeso;0;;Non accertato;Inesploso
3657574;20;26/01/2018 10:25;Regionale entro l'abitato;VIA FLAMINIA NUOVA;in prossimità;;della chilometrica;8;;Scontro laterale fra veicoli in marcia;Rettilineo;Due carreggiate;Asciutto;Asfaltata;Verticale ed orizzontale;Nuvoloso;Intenso;Buona;Ore Diurne;1;0;0;1;12,47724;41,95468;-1;2;Motociclo a solo;In marcia / fermata / arresto;Conducente;M;Rimandato;0;NON DECEDUTO;Non accertato;
3657577;20;26/01/2018 15:40;Strada Urbana;LARGO DI VIGNA STELLUTI;in prossimità;;del civico n.;24;;Scontro frontale/laterale DX fra veicoli in marcia;Rettilineo;Una carreggiata a doppio senso;Asciutto;Asfaltata;Verticale ed orizzontale;Sereno;Normale;Sufficiente;Ore Diurne;1;0;0;1;12,46616;41,94757;-1;1;Autovettura privata;In marcia / fermata / arresto;Conducente;F;Illeso;0;;;
3657577;20;26/01/2018 15:40;Strada Urbana;LARGO DI VIGNA STELLUTI;in prossimità;;del civico n.;24;;Scontro frontale/laterale DX fra veicoli in marcia;Rettilineo;Una carreggiata a doppio senso;Asciutto;Asfaltata;Verticale ed orizzontale;Sereno;Normale;Sufficiente;Ore Diurne;1;0;0;1;12,46616;41,94757;-1;2;Motociclo a solo;In marcia / fermata / arresto;Conducente;M;Rimandato;0;NON DECEDUTO;Non accertato;
3657590;20;26/01/2018 11:40;Strada Urbana;VIA FLAMINIA NUOVA;in corrispondenza;;della chilometrica;8;;Tamponamento Multiplo;Rettilineo;Due carreggiate;Asciutto;Asfaltata;Verticale ed orizzontale;Nuvoloso;Normale;Buona;Ore Diurne;0;0;0;5;12,47136;41,95015;-1;1;Autovettura privata;In marcia / fermata / arresto;Conducente;M;Illeso;0;;Non accertato;Inesploso