Protocollo;Gruppo;DataOraIncidente;Localizzazione1;STRADA1;Localizzazione2;STRADA2;Strada02;Chilometrica;DaSpecificare;NaturaIncidente;particolaritastrade;TipoStrada;FondoStradale;Pavimentazione;Segnaletica;CondizioneAtmosferica;Traffico;Visibilita;Illuminazione;NUM_FERITI;NUM_RISERVATA;NUM_MORTI;NUM_ILLESI;Longitudine;Latitudine;Confermato;Progressivo;TipoVeicolo;StatoVeicolo;TipoPersona;Sesso;Tipolesione;Deceduto;DecedutoDopo;CinturaCascoUtilizzato;Airbag
3658722;13;28/01/2018 00:50;;VIA GIUSEPPE FIORELLI;all'intersezione con;VIA SISTO SCAGLIA;VIA SISTO SCAGLIA;;;Scontro laterale fra veicoli in marcia;;;;;;;;;;0;0;0;7;;;0;2;Autovettura privata;In marcia / fermata / arresto;Passeggero;F;Illeso;0;;;
3658722;13;28/01/2018 00:50;;VIA GIUSEPPE FIORELLI;all'intersezione con;VIA SISTO SCAGLIA;VIA SISTO SCAGLIA;;;Scontro laterale fra veicoli in marcia;;;;;;;;;;0;0;0;7;;;0;2;Autovettura privata;In marcia / fermata / arresto;Passeggero;F;Illeso;0;;Non accertato;Inesploso
3658745;13;27/01/2018 18:25;;VIA CARLO CASINI;in corrispondenza;;del civico n.;134;;Veicolo in marcia contro veicolo fermo;;;;;;;;;;0;0;0;2;;;0;1;Autovettura privata;In marcia / fermata / arresto;Conducente;F;Illeso;0;;Non accertato;Inesploso
3658745;13;27/01/2018 18:25;;VIA CARLO CASINI;in corrispondenza;;del civico n.;134;;Veicolo in marcia contro veicolo fermo;;;;;;;;;;0;0;0;2;;;0;2;Autovettura privata;In marcia / fermata / arresto;Conducente;F;Illeso;0;;Non accertato;Inesploso
3658767;13;28/01/2018 01:45;;VIA LITORANEA;da specificare;;;;altezza chiosco 'MEDITERRANEA';Fuoriuscita dalla sede stradale;;;;;;;;;;0;0;0;1;;;0;1;Autovettura privata;In marcia / fermata / arresto;Conducente;M;Illeso;0;;Non accertato;Inesploso
3658883;4;26/01/2018 19:00;Strada Urbana;VIA MONTE CERVIALTO;in corrispondenza;;del civico n.;209;;Scontro laterale fra veicoli in marcia;Rettilineo;Una carreggiata a doppio senso;Asciutto;Asfaltata;Orizzontale;Sereno;Normale;Buona;Sufficiente;0;0;0;2;12,52317;41,95646;-1;1;Autovettura privata;In marcia / fermata / arresto;Conducente;M;Illeso;0;;;
3658883;4;26/01/2018 19:00;Strada Urbana;VIA MONTE CERVIALTO;in corrispondenza;;del civico n.;209;;Scontro laterale fra veicoli in marcia;Rettilineo;Una carreggiata a doppio senso;Asciutto;Asfaltata;Orizzontale;Sereno;Normale;Buona;Sufficiente;0;0;0;2;12,52317;41,95646;-1;2;Autovettura privata;In marcia / fermata / arresto;Conducente;F;Illeso;0;;;
3658900;12;24/01/2018 15:55;Regionale;VIA PONTINA;da specificare;;;;alt. km 11,200 dir. Pomezia;Tamponamento;Rettilineo;Due carreggiate;Asciutto;Asfaltata;Verticale ed orizzontale;Sereno;Normale;Buona;Ore Diurne;0;0;0;2;12,79855;41,5088;-1;1;Autovettura privata;In marcia / fermata / arresto;Conducente;F;Illeso;0;;Utilizzato;Inesploso
3658900;12;24/01/2018 15:55;Regionale;VIA PONTINA;da specificare;;;;alt. km 11,200 dir. Pomezia;Tamponamento;Rettilineo;Due carreggiate;Asciutto;Asfaltata;Verticale ed orizzontale;Sereno;Normale;Buona;Ore Diurne;0;0;0;2;12,79855;41,5088;-1;2;Motociclo a solo;In marcia / fermata / arresto;Conducente;M;Illeso;0;;Utilizzato;
3658901;4;26/01/2018 16:05;Strada Urbana;VIA NOMENTANA;all'intersezione con;VIA NOMENTANA;VIA NOMENTANA;;;Scontro laterale fra veicoli in marcia;Intersezione stradale segnalata;Una carreggiata a doppio senso;Asciutto;Asfaltata;Verticale ed orizzontale;Sereno;Intenso;Buona;Ore Diurne;0;0;0;2;12,55901;41,9438;-1;1;Autovettura privata;In marcia / fermata / arresto;Conducente;M;Illeso;0;;Non accertato;
3658901;4;26/01/2018 16:05;Strada Urbana;VIA NOMENTANA;all'intersezione con;VIA NOMENTANA;VIA NOMENTANA;;;Scontro laterale fra veicoli in marcia;Intersezione stradale segnalata;Una carreggiata a doppio senso;Asciutto;Asfaltata;Verticale ed orizzontale;Sereno;Intenso;Buona;Ore Diurne;0;0;0;2;12,55901;41,9438;-1;2;Autovettura privata;In marcia / fermata / arresto;Conducente;M;Illeso;0;;;
3658906;12;24/01/2018 13:20;Strada Urbana;VIALE DELL'OCEANO ATLANTICO;da specificare;;;;fronte civico 271;Scontro laterale fra veicoli in marcia;Rettilineo;Due carreggiate;Asciutto;Asfaltata;Verticale ed orizzontale;Sereno;Intenso;Buona;Ore Diurne;1;0;0;3;12,46462;41,8185;-1;1;Autovettura privata;In marcia / fermata / arresto;Conducente;M;Rimandato;0;NON DECEDUTO;Utilizzato;
3658906;12;24/01/2018 13:20;Strada Urbana;VIALE DELL'OCEANO ATLANTICO;da specificare;;;;fronte civico 271;Scontro laterale fra veicoli in marcia;Rettilineo;Due carreggiate;Asciutto;Asfaltata;Verticale ed orizzontale;Sereno;Intenso;Buona;Ore Diurne;1;0;0;3;12,46462;41,8185;-1;2;Autovettura privata;In marcia / fermata / arresto;Conducente;M;Illeso;0;;Utilizzato;Inesploso
3658906;12;24/01/2018 13:20;Strada Urbana;VIALE DELL'OCEANO ATLANTICO;da specificare;;;;fronte civico 271;Scontro laterale fra veicoli in marcia;Rettilineo;Due carreggiate;Asciutto;Asfaltata;Verticale ed orizzontale;Sereno;Intenso;Buona;Ore Diurne;1;0;0;3;12,46462;41,8185;-1;2;Autovettura privata;In marcia / fermata / arresto;Passeggero;M;Illeso;0;;Utilizzato;Inesploso
3658906;12;24/01/2018 13:20;Strada Urbana;VIALE DELL'OCEANO ATLANTICO;da specificare;;;;fronte civico 271;Scontro laterale fra veicoli in marcia;Rettilineo;Due carreggiate;Asciutto;Asfaltata;Verticale ed orizzontale;Sereno;Intenso;Buona;Ore Diurne;1;0;0;3;12,46462;41,8185;-1;2;Autovettura privata;In marcia / fermata / arresto;Passeggero;M;Illeso;0;;Utilizzato;Inesploso
3658909;12;24/01/2018 13:30;Strada Urbana;PIAZZALE EZIO TARANTELLI;da specificare;;;;altezza area mercato;Scontro laterale fra veicoli in marcia;Rotatoria;Una carreggiata a senso unico di marcia;Asciutto;Asfaltata;Verticale ed orizzontale;Sereno;Scarso;Buona;Ore Diurne;1;0;0;3;12,43908;41,81928;-1;1;Autovettura privata;In marcia / fermata / arresto;Conducente;F;Rimandato;0;NON DECEDUTO;;
3658909;12;24/01/2018 13:30;Strada Urbana;PIAZZALE EZIO TARANTELLI;da specificare;;;;altezza area mercato;Scontro laterale fra veicoli in marcia;Rotatoria;Una carreggiata a senso unico di marcia;Asciutto;Asfaltata;Verticale ed orizzontale;Sereno;Scarso;Buona;Ore Diurne;1;0;0;3;12,43908;41,81928;-1;1;Autovettura privata;In marcia / fermata / arresto;Passeggero;F;Illeso;0;;Utilizzato;Inesploso
3658909;12;24/01/2018 13:30;Strada Urbana;PIAZZALE EZIO TARANTELLI;da specificare;;;;altezza area mercato;Scontro laterale fra veicoli in marcia;Rotatoria;Una carreggiata a senso unico di marcia;Asciutto;Asfaltata;Verticale ed orizzontale;Sereno;Scarso;Buona;Ore Diurne;1;0;0;3;12,43908;41,81928;-1;1;Autovettura privata;In marcia / fermata / arresto;Passeggero;F;Illeso;0;;Utilizzato;Inesploso
3658909;12;24/01/2018 13:30;Strada Urbana;PIAZZALE EZIO TARANTELLI;da specificare;;;;altezza area mercato;Scontro laterale fra veicoli in marcia;Rotatoria;Una carreggiata a senso unico di marcia;Asciutto;Asfaltata;Verticale ed orizzontale;Sereno;Scarso;Buona;Ore Diurne;1;0;0;3;12,43908;41,81928;-1;2;Autobus urbano;In marcia / fermata / arresto;Conducente;M;Illeso;0;;;
3658914;12;24/01/2018 08:35;Strada Urbana;VIALE DEI CADUTI NELLA GUERRA DI LIBERAZIONE;da specificare;;;;altezza via aversa;Tamponamento;Rettilineo;Una carreggiata a senso unico di marcia;Asciutto;Asfaltata;Verticale ed orizzontale;Sereno;Normale;Buona;Ore Diurne;0;0;0;2;12,44553;41,78751;-1;1;Autovettura privata;In marcia / fermata / arresto;Conducente;M;Illeso;0;;;
3658914;12;24/01/2018 08:35;Strada Urbana;VIALE DEI CADUTI NELLA GUERRA DI LIBERAZIONE;da specificare;;;;altezza via aversa;Tamponamento;Rettilineo;Una carreggiata a senso unico di marcia;Asciutto;Asfaltata;Verticale ed orizzontale;Sereno;Normale;Buona;Ore Diurne;0;0;0;2;12,44553;41,78751;-1;2;Autovettura privata;In marcia / fermata / arresto;Conducente;M;Illeso;0;;;
3658916;10;26/01/2018 19:20;Strada Urbana;VIA DI TORRE SPACCATA;da specificare;;;;dir. Via Tuscolana fronte palo ACEA n. 2;Investimento di pedone;Rettilineo;Una carreggiata a doppio senso;Asciutto;Asfaltata;Orizzontale;Sereno;Intenso;Sufficiente;Sufficiente;2;0;0;0;12,57592;41,84878;-1;;;;Pedone;F;Rimandato;0;NON DECEDUTO;;
3658916;10;26/01/2018 19:20;Strada Urbana;VIA DI TORRE SPACCATA;da specificare;;;;dir. Via Tuscolana fronte palo ACEA n. 2;Investimento di pedone;Rettilineo;Una carreggiata a doppio senso;Asciutto;Asfaltata;Orizzontale;Sereno;Intenso;Sufficiente;Sufficiente;2;0;0;0;12,57592;41,84878;-1;1;Motociclo a solo;In marcia / fermata / arresto;Conducente;M;Rimandato;0;NON DECEDUTO;Non accertato;
3658921;12;26/01/2018 09:20;Strada Urbana;VIA DELLE TRE FONTANE;da specificare;;;;all'altezza con viale del pattinaggio;Tamponamento;Rettilineo;Una carreggiata a senso unico di marcia;Asciutto;Asfaltata;Orizzontale;Sereno;Normale;Buona;Ore Diurne;0;0;0;2;12,47341;41,83939;-1;1;Autovettura privata;In marcia / fermata / arresto;Conducente;M;Illeso;0;;;
3658921;12;26/01/2018 09:20;Strada Urbana;VIA DELLE TRE FONTANE;da specificare;;;;all'altezza con viale del pattinaggio;Tamponamento;Rettilineo;Una carreggiata a senso unico di marcia;Asciutto;Asfaltata;Orizzontale;Sereno;Normale;Buona;Ore Diurne;0;0;0;2;12,47341;41,83939;-1;2;Autovettura privata;In marcia / fermata / arresto;Conducente;F;Illeso;0;;;
3658924;4;26/01/2018 18:40;Provinciale entro l'abitato;VIA NOMENTANA;da specificare;;;;fronte civico 591 a;Tamponamento;Rettilineo;Una carreggiata a doppio senso;Asciutto;Asfaltata;Verticale ed orizzontale;Sereno;Intenso;Sufficiente;Ore Diurne;1;0;0;1;12,55901;41,9438;-1;1;Motociclo a solo;In marcia / fermata / arresto;Conducente;M;Illeso;0;;Non accertato;
3658924;4;26/01/2018 18:40;Provinciale entro l'abitato;VIA NOMENTANA;da specificare;;;;fronte civico 591 a;Tamponamento;Rettilineo;Una carreggiata a doppio senso;Asciutto;Asfaltata;Verticale ed orizzontale;Sereno;Intenso;Sufficiente;Ore Diurne;1;0;0;1;12,55901;41,9438;-1;2;Motociclo a solo;In marcia / fermata / arresto;Conducente;M;Rifiuta cure immediate;0;NON DECEDUTO;;
3658925;10;27/01/2018 01:21;Strada Urbana;VIA ACAIA;da specificare;;;;in prossimità di piazza Galeria;Scontro laterale fra veicoli in marcia;Rettilineo;Una carreggiata a doppio senso;Asciutto;Asfaltata;Verticale ed orizzontale;Sereno;Scarso;Buona;Sufficiente;0;0;0;2;12,50694;41,87479;-1;1;Autovettura privata;In marcia / fermata / arresto;Conducente;M;Illeso;0;;Non accertato;Inesploso
3658925;10;27/01/2018 01:21;Strada Urbana;VIA ACAIA;da specificare;;;;in prossimità di piazza Galeria;Scontro laterale fra veicoli in marcia;Rettilineo;Una carreggiata a doppio senso;Asciutto;Asfaltata;Verticale ed orizzontale;Sereno;Scarso;Buona;Sufficiente;0;0;0;2;12,50694;41,87479;-1;2;Autovettura privata;In marcia / fermata / arresto;Conducente;F;Illeso;0;;Non accertato;Inesploso
3658935;10;27/01/2018 15:25;Strada Urbana;VIA TUSCOLANA;da specificare;;;;rampa uscita GRA dir. Roma centro;Ribaltamento senza urto contro ostacolo fisso;Curva a visuale libera;Una carreggiata a senso unico di marcia;Asciutto;Asfaltata;Verticale ed orizzontale;Sereno;Normale;Buona;Ore Diurne;1;0;0;0;12,59191;41,83924;-1;1;Autovettura privata;In marcia / fermata / arresto;Conducente;F;Rimandato;0;NON DECEDUTO;Non accertato;Inesploso
3658938;10;27/01/2018 19:15;Strada Urbana;VIALE ANTONIO CIAMARRA;in prossimità;;del civico n.;198;;Tamponamento Multiplo;Rettilineo;Due carreggiate;Asciutto;Asfaltata;Verticale ed orizzontale;Sereno;Normale;Buona;Sufficiente;1;0;0;4;12,59054;41,85324;-1;1;Autovettura privata;In marcia / fermata / arresto;Conducente;M;Illeso;0;;Non accertato;Inesploso
3658938;10;27/01/2018 19:15;Strada Urbana;VIALE ANTONIO CIAMARRA;in prossimità;;del civico n.;198;;Tamponamento Multiplo;Rettilineo;Due carreggiate;Asciutto;Asfaltata;Verticale ed orizzontale;Sereno;Normale;Buona;Sufficiente;1;0;0;4;12,59054;41,85324;-1;2;Autovettura privata;In marcia / fermata / arresto;Conducente;F;Rimandato;0;NON DECEDUTO;Non accertato;Inesploso
3658938;10;27/01/2018 19:15;Strada Urbana;VIALE ANTONIO CIAMARRA;in prossimità;;del civico n.;198;;Tamponamento Multiplo;Rettilineo;Due carreggiate;Asciutto;Asfaltata;Verticale ed orizzontale;Sereno;Normale;Buona;Sufficiente;1;0;0;4;12,59054;41,85324;-1;2;Autovettura privata;In marcia / fermata / arresto;Passeggero;F;Illeso;0;;Non accertato;Inesploso
3658938;10;27/01/2018 19:15;Strada Urbana;VIALE ANTONIO CIAMARRA;in prossimità;;del civico n.;198;;Tamponamento Multiplo;Rettilineo;Due carreggiate;Asciutto;Asfaltata;Verticale ed orizzontale;Sereno;Normale;Buona;Sufficiente;1;0;0;4;12,59054;41,85324;-1;2;Autovettura privata;In marcia / fermata / arresto;Passeggero;F;Illeso;0;;Non accertato;Inesploso
3658938;10;27/01/2018 19:15;Strada Urbana;VIALE ANTONIO CIAMARRA;in prossimità;;del civico n.;198;;Tamponamento Multiplo;Rettilineo;Due carreggiate;Asciutto;Asfaltata;Verticale ed orizzontale;Sereno;Normale;Buona;Sufficiente;1;0;0;4;12,59054;41,85324;-1;3;Autovettura privata;In marcia / fermata / arresto;Conducente;M;Illeso;0;;Non accertato;Inesploso
3658945;4;26/01/2018 17:30;Provinciale;VIA NOMENTANA;in corrispondenza;;della chilometrica;15;;Tamponamento;Rettilineo;Una carreggiata a doppio senso;Asciutto;Asfaltata;Verticale ed orizzontale;Nuvoloso;Intenso;Buona;Insufficiente;0;0;0;2;12,55901;41,9438;-1;1;Autovettura privata;In marcia / fermata / arresto;Conducente;M;Illeso;0;;Non accertato;Inesploso
3658945;4;26/01/2018 17:30;Provinciale;VIA NOMENTANA;in corrispondenza;;della chilometrica;15;;Tamponamento;Rettilineo;Una carreggiata a doppio senso;Asciutto;Asfaltata;Verticale ed orizzontale;Nuvoloso;Intenso;Buona;Insufficiente;0;0;0;2;12,55901;41,9438;-1;2;Ciclomotore;In marcia / fermata / arresto;Conducente;M;Illeso;0;;;
3658951;10;27/01/2018 22:45;Strada Urbana;VIA POGGI D'ORO;all'intersezione con;VIA GENZANO;VIA GENZANO;;;Scontro laterale fra veicoli in marcia;Incrocio;Una carreggiata a senso unico di marcia;Asciutto;Asfaltata;Verticale;Sereno;Scarso;Buona;Sufficiente;4;0;0;1;12,52954;41,87061;-1;1;Autovettura privata;In marcia / fermata / arresto;Conducente;M;Illeso;0;;Non accertato;Esploso
3658951;10;27/01/2018 22:45;Strada Urbana;VIA POGGI D'ORO;all'intersezione con;VIA GENZANO;VIA GENZANO;;;Scontro laterale fra veicoli in marcia;Incrocio;Una carreggiata a senso unico di marcia;Asciutto;Asfaltata;Verticale;Sereno;Scarso;Buona;Sufficiente;4;0;0;1;12,52954;41,87061;-1;1;Autovettura privata;In marcia / fermata / arresto;Passeggero;M;Rimandato;0;NON DECEDUTO;Non accertato;Inesploso
3658951;10;27/01/2018 22:45;Strada Urbana;VIA POGGI D'ORO;all'intersezione con;VIA GENZANO;VIA GENZANO;;;Scontro laterale fra veicoli in marcia;Incrocio;Una carreggiata a senso unico di marcia;Asciutto;Asfaltata;Verticale;Sereno;Scarso;Buona;Sufficiente;4;0;0;1;12,52954;41,87061;-1;1;Autovettura privata;In marcia / fermata / arresto;Passeggero;F;Rimandato;0;NON DECEDUTO;Non accertato;Inesistente
3658951;10;27/01/2018 22:45;Strada Urbana;VIA POGGI D'ORO;all'intersezione con;VIA GENZANO;VIA GENZANO;;;Scontro laterale fra veicoli in marcia;Incrocio;Una carreggiata a senso unico di marcia;Asciutto;Asfaltata;Verticale;Sereno;Scarso;Buona;Sufficiente;4;0;0;1;12,52954;41,87061;-1;2;Autovettura privata;In marcia / fermata / arresto;Conducente;M;Rimandato;0;NON DECEDUTO;Non accertato;Inesploso
3658965;9;27/01/2018 12:00;;VIA SATRICO;all'intersezione con;VIA ACAIA;VIA ACAIA;;;Tamponamento;;;;;;;;;;0;0;0;3;;;0;1;Autovettura privata;In marcia / fermata / arresto;Conducente;M;Illeso;0;;;
3658965;9;27/01/2018 12:00;;VIA SATRICO;all'intersezione con;VIA ACAIA;VIA ACAIA;;;Tamponamento;;;;;;;;;;0;0;0;3;;;0;1;Autovettura privata;In marcia / fermata / arresto;Passeggero;M;Illeso;0;;;
3658965;9;27/01/2018 12:00;;VIA SATRICO;all'intersezione con;VIA ACAIA;VIA ACAIA;;;Tamponamento;;;;;;;;;;0;0;0;3;;;0;2;Autovettura privata;In marcia / fermata / arresto;Conducente;M;Illeso;0;;;
3658967;4;26/01/2018 13:30;Strada Urbana;VIA GIULIO PASQUATI;all'intersezione con;VIA SERGIO TOFANO;VIA SERGIO TOFANO;;;Scontro frontale/laterale DX fra veicoli in marcia;Intersezione stradale segnalata;Una carreggiata a senso unico di marcia;Asciutto;Asfaltata;Verticale ed orizzontale;Nuvoloso;Scarso;Buona;Ore Diurne;0;0;0;2;12,53195;41,96122;-1;1;Autovettura privata;In marcia / fermata / arresto;Conducente;M;Illeso;0;;;
3658967;4;26/01/2018 13:30;Strada Urbana;VIA GIULIO PASQUATI;all'intersezione con;VIA SERGIO TOFANO;VIA SERGIO TOFANO;;;Scontro frontale/laterale DX fra veicoli in marcia;Intersezione stradale segnalata;Una carreggiata a senso unico di marcia;Asciutto;Asfaltata;Verticale ed orizzontale;Nuvoloso;Scarso;Buona;Ore Diurne;0;0;0;2;12,53195;41,96122;-1;2;Autovettura privata;In marcia / fermata / arresto;Conducente;F;Illeso;0;;;
3658969;9;27/01/2018 19:40;Strada Urbana;VIALE LUIGI SCHIAVONETTI;da specificare;;;;"fronte Centro Commerciale ""TOR VERGATA""";Scontro laterale fra veicoli in marcia;Rettilineo;Una carreggiata a senso unico di marcia;Asciutto;Asfaltata;Assente;Sereno;Normale;Sufficiente;Sufficiente;0;0;0;3;12,62113;41,844;-1;1;Autovettura privata;In marcia / fermata / arresto;Conducente;M;Illeso;0;;Non accertato;Inesploso
3658969;9;27/01/2018 19:40;Strada Urbana;VIALE LUIGI SCHIAVONETTI;da specificare;;;;"fronte Centro Commerciale ""TOR VERGATA""";Scontro laterale fra veicoli in marcia;Rettilineo;Una carreggiata a senso unico di marcia;Asciutto;Asfaltata;Assente;Sereno;Normale;Sufficiente;Sufficiente;0;0;0;3;12,62113;41,844;-1;2;Autovettura privata;In marcia / fermata / arresto;Conducente;M;Illeso;0;;Non accertato;Inesploso
3658969;9;27/01/2018 19:40;Strada Urbana;VIALE LUIGI SCHIAVONETTI;da specificare;;;;"fronte Centro Commerciale ""TOR VERGATA""";Scontro laterale fra veicoli in marcia;Rettilineo;Una carreggiata a senso unico di marcia;Asciutto;Asfaltata;Assente;Sereno;Normale;Sufficiente;Sufficiente;0;0;0;3;12,62113;41,844;-1;2;Autovettura privata;In marcia / fermata / arresto;Passeggero;F;Illeso;0;;Non accertato;Inesploso
3658977;9;28/01/2018 05:15;Strada Urbana;VIA TUSCOLANA;in corrispondenza;;del civico n.;1810;;Veicolo in marcia contro veicolo in sosta;Rettilineo;Una carreggiata a senso unico di marcia;Asciutto;Asfaltata;Assente;Sereno;Scarso;Sufficiente;Sufficiente;0;0;0;1;12,58471;41,8419;-1;2;Autovettura privata;In marcia / fermata / arresto;Conducente;M;Illeso;0;;Non accertato;Inesploso
3658988;7;26/01/2018 15:00;Strada Urbana;VIA FEDERICO TURANO;all'intersezione con;VIA ARETUSA;VIA ARETUSA;;;Scontro frontale/laterale DX fra veicoli in marcia;Incrocio;Una carreggiata a doppio senso;Asciutto;Asfaltata;Verticale ed orizzontale;Sereno;Normale;Buona;Ore Diurne;0;0;0;2;12,60431;41,91016;-1;1;Autovettura privata;In marcia / fermata / arresto;Conducente;M;Illeso;0;;Non accertato;Inesploso
3658988;7;26/01/2018 15:00;Strada Urbana;VIA FEDERICO TURANO;all'intersezione con;VIA ARETUSA;VIA ARETUSA;;;Scontro frontale/laterale DX fra veicoli in marcia;Incrocio;Una carreggiata a doppio senso;Asciutto;Asfaltata;Verticale ed orizzontale;Sereno;Normale;Buona;Ore Diurne;0;0;0;2;12,60431;41,91016;-1;2;Autovettura privata;In marcia / fermata / arresto;Conducente;F;Illeso;0;;Non accertato;Inesploso
3658989;8;27/01/2018 19:00;Strada Urbana;VIA DI FONTANA CANDIDA;in corrispondenza;;del civico n.;321;;Scontro frontale/laterale DX fra veicoli in marcia;Rettilineo;Una carreggiata a doppio senso;Asciutto;Asfaltata;Verticale ed orizzontale;Sereno;Normale;Sufficiente;Sufficiente;2;0;1;0;12,70229;41,84213;-1;1;Autovettura privata;In marcia / fermata / arresto;Conducente;F;Rimandato;0;NON DECEDUTO;Non accertato;Esploso
3658989;8;27/01/2018 19:00;Strada Urbana;VIA DI FONTANA CANDIDA;in corrispondenza;;del civico n.;321;;Scontro frontale/laterale DX fra veicoli in marcia;Rettilineo;Una carreggiata a doppio senso;Asciutto;Asfaltata;Verticale ed orizzontale;Sereno;Normale;Sufficiente;Sufficiente;2;0;1;0;12,70229;41,84213;-1;2;Motociclo con passeggero;In marcia / fermata / arresto;Conducente;M;Ricoverato;0;NON DECEDUTO;Non accertato;
3658989;8;27/01/2018 19:00;Strada Urbana;VIA DI FONTANA CANDIDA;in corrispondenza;;del civico n.;321;;Scontro frontale/laterale DX fra veicoli in marcia;Rettilineo;Una carreggiata a doppio senso;Asciutto;Asfaltata;Verticale ed orizzontale;Sereno;Normale;Sufficiente;Sufficiente;2;0;1;0;12,70229;41,84213;-1;2;Motociclo con passeggero;In marcia / fermata / arresto;Passeggero;F;Prognosi riservata;0;DECEDUTO ENTRO 1 MESE;Utilizzato;
3658992;4;26/01/2018 12:50;Strada Urbana;VIA PIERO FOSCARI;all'intersezione con;VIA FILIPPO ANTONIO GUALTERIO;VIA FILIPPO ANTONIO GUALTERIO;;;Tamponamento Multiplo;Intersezione stradale segnalata;Una carreggiata a doppio senso;Asciutto;Asfaltata;Orizzontale;Nuvoloso;Normale;Buona;Ore Diurne;1;0;0;1;12,52005;41,95129;-1;1;Autocarro inferiore 35 q.;In marcia / fermata / arresto;Conducente;M;Illeso;0;;Non accertato;
3658992;4;26/01/2018 12:50;Strada Urbana;VIA PIERO FOSCARI;all'intersezione con;VIA FILIPPO ANTONIO GUALTERIO;VIA FILIPPO ANTONIO GUALTERIO;;;Tamponamento Multiplo;Intersezione stradale segnalata;Una carreggiata a doppio senso;Asciutto;Asfaltata;Orizzontale;Nuvoloso;Normale;Buona;Ore Diurne;1;0;0;1;12,52005;41,95129;-1;2;Autovettura privata;In marcia / fermata / arresto;Conducente;F;Rifiuta cure immediate;0;NON DECEDUTO;Non accertato;
3658998;6;26/01/2018 19:55;Strada Urbana;VIALE DELLA SERENISSIMA;all'intersezione semaforizzata con;VIALE DELLA VENEZIA GIULIA;VIALE DELLA VENEZIA GIULIA;;;Investimento di pedone;Intersezione semaforizzata;Una carreggiata a doppio senso;Asciutto;Asfaltata;Verticale ed orizzontale;Sereno;Normale;Buona;Sufficiente;1;0;0;1;12,55869;41,89673;-1;;;;Pedone;M;Ricoverato;0;NON DECEDUTO;;
3658998;6;26/01/2018 19:55;Strada Urbana;VIALE DELLA SERENISSIMA;all'intersezione semaforizzata con;VIALE DELLA VENEZIA GIULIA;VIALE DELLA VENEZIA GIULIA;;;Investimento di pedone;Intersezione semaforizzata;Una carreggiata a doppio senso;Asciutto;Asfaltata;Verticale ed orizzontale;Sereno;Normale;Buona;Sufficiente;1;0;0;1;12,55869;41,89673;-1;1;Autovettura privata;In marcia / fermata / arresto;Conducente;F;Illeso;0;;;
3658999;4;26/01/2018 08:45;Strada Urbana;VIALE GINO CERVI;da specificare;;;;fronte civico 14;Scontro laterale fra veicoli in marcia;Rettilineo;Due carreggiate;Asciutto;Asfaltata;Orizzontale;Sereno;Normale;Buona;Ore Diurne;0;0;0;6;12,53237;41,96296;-1;1;Autovettura privata;In marcia / fermata / arresto;Conducente;M;Illeso;0;;;
3658999;4;26/01/2018 08:45;Strada Urbana;VIALE GINO CERVI;da specificare;;;;fronte civico 14;Scontro laterale fra veicoli in marcia;Rettilineo;Due carreggiate;Asciutto;Asfaltata;Orizzontale;Sereno;Normale;Buona;Ore Diurne;0;0;0;6;12,53237;41,96296;-1;1;Autovettura privata;In marcia / fermata / arresto;Passeggero;M;Illeso;0;;;
3658999;4;26/01/2018 08:45;Strada Urbana;VIALE GINO CERVI;da specificare;;;;fronte civico 14;Scontro laterale fra veicoli in marcia;Rettilineo;Due carreggiate;Asciutto;Asfaltata;Orizzontale;Sereno;Normale;Buona;Ore Diurne;0;0;0;6;12,53237;41,96296;-1;1;Autovettura privata;In marcia / fermata / arresto;Passeggero;M;Illeso;0;;;
3658999;4;26/01/2018 08:45;Strada Urbana;VIALE GINO CERVI;da specificare;;;;fronte civico 14;Scontro laterale fra veicoli in marcia;Rettilineo;Due carreggiate;Asciutto;Asfaltata;Orizzontale;Sereno;Normale;Buona;Ore Diurne;0;0;0;6;12,53237;41,96296;-1;2;Autovettura privata;In marcia / fermata / arresto;Conducente;F;Illeso;0;;;
3659007;6;27/01/2018 10:05;Strada Urbana;VIA CASILINA;in prossimità;;del civico n.;125;;Investimento di pedone;Rettilineo;Una carreggiata a senso unico di marcia;Asciutto;Asfaltata;Verticale ed orizzontale;Sereno;Normale;Buona;Ore Diurne;1;0;0;2;12,52287;41,88908;-1;;;;Pedone;M;Rimandato;0;NON DECEDUTO;;
3659007;6;27/01/2018 10:05;Strada Urbana;VIA CASILINA;in prossimità;;del civico n.;125;;Investimento di pedone;Rettilineo;Una carreggiata a senso unico di marcia;Asciutto;Asfaltata;Verticale ed orizzontale;Sereno;Normale;Buona;Ore Diurne;1;0;0;2;12,52287;41,88908;-1;1;Autovettura privata;In marcia / fermata / arresto;Conducente;M;Illeso;0;;;
3659007;6;27/01/2018 10:05;Strada Urbana;VIA CASILINA;in prossimità;;del civico n.;125;;Investimento di pedone;Rettilineo;Una carreggiata a senso unico di marcia;Asciutto;Asfaltata;Verticale ed orizzontale;Sereno;Normale;Buona;Ore Diurne;1;0;0;2;12,52287;41,88908;-1;1;Autovettura privata;In marcia / fermata / arresto;Passeggero;M;Illeso;0;;;
3659011;6;27/01/2018 17:35;Strada Urbana;VIA ANAGNI;all'intersezione semaforizzata con;VIA TOR DE' SCHIAVI;VIA TOR DE' SCHIAVI;;;Scontro laterale fra veicoli in marcia;Intersezione semaforizzata;Due carreggiate;Asciutto;Asfaltata;Verticale ed orizzontale;Sereno;Normale;Buona;Sufficiente;1;0;0;1;12,56046;41,8906;-1;1;Autovettura privata;In marcia / fermata / arresto;Conducente;M;Rifiuta cure immediate;0;NON DECEDUTO;;