Protocollo;Gruppo;DataOraIncidente;Localizzazione1;STRADA1;Localizzazione2;STRADA2;Strada02;Chilometrica;DaSpecificare;NaturaIncidente;particolaritastrade;TipoStrada;FondoStradale;Pavimentazione;Segnaletica;CondizioneAtmosferica;Traffico;Visibilita;Illuminazione;NUM_FERITI;NUM_RISERVATA;NUM_MORTI;NUM_ILLESI;Longitudine;Latitudine;Confermato;Progressivo;TipoVeicolo;StatoVeicolo;TipoPersona;Sesso;Tipolesione;Deceduto;DecedutoDopo;CinturaCascoUtilizzato;Airbag
3663138;2;30/01/2018 15:50;Strada Urbana;VIA SALARIA;all'intersezione semaforizzata con;VIA PANAMA;VIA PANAMA;;;Scontro laterale fra veicoli in marcia;Intersezione semaforizzata;Una carreggiata a doppio senso;Asciutto;Asfaltata;Verticale ed orizzontale;Sereno;Normale;Buona;Ore Diurne;0;0;0;4;12,50214;41,92311;-1;1;Autovettura privata;In marcia / fermata / arresto;Passeggero;M;Illeso;0;;Non utilizzato;Inesploso
3663138;2;30/01/2018 15:50;Strada Urbana;VIA SALARIA;all'intersezione semaforizzata con;VIA PANAMA;VIA PANAMA;;;Scontro laterale fra veicoli in marcia;Intersezione semaforizzata;Una carreggiata a doppio senso;Asciutto;Asfaltata;Verticale ed orizzontale;Sereno;Normale;Buona;Ore Diurne;0;0;0;4;12,50214;41,92311;-1;2;Autovettura privata;In marcia / fermata / arresto;Conducente;F;Illeso;0;;Non accertato;Inesploso
3663138;2;30/01/2018 15:50;Strada Urbana;VIA SALARIA;all'intersezione semaforizzata con;VIA PANAMA;VIA PANAMA;;;Scontro laterale fra veicoli in marcia;Intersezione semaforizzata;Una carreggiata a doppio senso;Asciutto;Asfaltata;Verticale ed orizzontale;Sereno;Normale;Buona;Ore Diurne;0;0;0;4;12,50214;41,92311;-1;2;Autovettura privata;In marcia / fermata / arresto;Passeggero;F;Illeso;0;;Non accertato;Inesploso
3663142;12;29/01/2018 11:30;Strada Urbana;VIALE DELL'ARTE;all'intersezione con;VIALE DELL'AERONAUTICA;VIALE DELL'AERONAUTICA;;;Tamponamento;Intersezione semaforizzata;Una carreggiata a doppio senso;Asciutto;Asfaltata;Verticale ed orizzontale;Sereno;Normale;Buona;Ore Diurne;0;0;0;2;12,47356;41,82813;-1;1;Autovettura privata;In marcia / fermata / arresto;Conducente;M;Illeso;0;;Non accertato;Inesploso
3663142;12;29/01/2018 11:30;Strada Urbana;VIALE DELL'ARTE;all'intersezione con;VIALE DELL'AERONAUTICA;VIALE DELL'AERONAUTICA;;;Tamponamento;Intersezione semaforizzata;Una carreggiata a doppio senso;Asciutto;Asfaltata;Verticale ed orizzontale;Sereno;Normale;Buona;Ore Diurne;0;0;0;2;12,47356;41,82813;-1;2;Autovettura privata;In marcia / fermata / arresto;Conducente;F;Illeso;0;;Non accertato;Inesploso
3663145;2;30/01/2018 09:10;Strada Urbana;VIALE PARIOLI;all'intersezione con;VIA LORENZO MAGALOTTI;VIA LORENZO MAGALOTTI;;;Scontro laterale fra veicoli in marcia;Incrocio;Una carreggiata a doppio senso;Asciutto;Asfaltata;Verticale ed orizzontale;Nuvoloso;Normale;Buona;Ore Diurne;0;0;0;2;12,48764;41,92571;-1;1;Autovettura privata;In marcia / fermata / arresto;Conducente;M;Illeso;0;;;
3663145;2;30/01/2018 09:10;Strada Urbana;VIALE PARIOLI;all'intersezione con;VIA LORENZO MAGALOTTI;VIA LORENZO MAGALOTTI;;;Scontro laterale fra veicoli in marcia;Incrocio;Una carreggiata a doppio senso;Asciutto;Asfaltata;Verticale ed orizzontale;Nuvoloso;Normale;Buona;Ore Diurne;0;0;0;2;12,48764;41,92571;-1;2;Autovettura privata;In marcia / fermata / arresto;Conducente;M;Illeso;0;;;
3663151;6;31/01/2018 08:10;Strada Urbana;VIA CASILINA;all'intersezione semaforizzata con;PIAZZA DEL PIGNETO;PIAZZA DEL PIGNETO;;;Scontro laterale fra veicoli in marcia;Intersezione semaforizzata;Due carreggiate;Asciutto;Asfaltata;Verticale ed orizzontale;Nuvoloso;Normale;Buona;Ore Diurne;1;0;0;1;12,52289;41,88901;-1;1;Motociclo a solo;In marcia / fermata / arresto;Conducente;M;Rifiuta cure immediate;0;NON DECEDUTO;Non accertato;
3663151;6;31/01/2018 08:10;Strada Urbana;VIA CASILINA;all'intersezione semaforizzata con;PIAZZA DEL PIGNETO;PIAZZA DEL PIGNETO;;;Scontro laterale fra veicoli in marcia;Intersezione semaforizzata;Due carreggiate;Asciutto;Asfaltata;Verticale ed orizzontale;Nuvoloso;Normale;Buona;Ore Diurne;1;0;0;1;12,52289;41,88901;-1;2;Autovettura privata;In marcia / fermata / arresto;Conducente;F;Illeso;0;;;
3663153;2;30/01/2018 17:45;Strada Urbana;VIALE DELLE BELLE ARTI;da specificare;;;;pross. VIALE TIZIANO;Investimento di pedone;Rettilineo;Una carreggiata a doppio senso;Asciutto;Asfaltata;Verticale ed orizzontale;Sereno;Normale;Insufficiente;Insufficiente;1;0;0;1;12,47876;41,91848;-1;;;;Pedone;M;Rimandato;0;NON DECEDUTO;;
3663153;2;30/01/2018 17:45;Strada Urbana;VIALE DELLE BELLE ARTI;da specificare;;;;pross. VIALE TIZIANO;Investimento di pedone;Rettilineo;Una carreggiata a doppio senso;Asciutto;Asfaltata;Verticale ed orizzontale;Sereno;Normale;Insufficiente;Insufficiente;1;0;0;1;12,47876;41,91848;-1;1;Autovettura privata;In marcia / fermata / arresto;Conducente;M;Illeso;0;;Non accertato;Inesploso
3663158;2;30/01/2018 19:30;Strada Urbana;VIA SALARIA;da specificare;;;;alt. VIA DI TOR FIORENZA;Scontro laterale fra veicoli in marcia;Rettilineo;Due carreggiate;Asciutto;Asfaltata;Verticale ed orizzontale;Sereno;Normale;Sufficiente;Sufficiente;0;0;0;2;12,50924;41,93095;-1;1;Autovettura privata;In marcia / fermata / arresto;Conducente;M;Illeso;0;;Non accertato;Inesploso
3663158;2;30/01/2018 19:30;Strada Urbana;VIA SALARIA;da specificare;;;;alt. VIA DI TOR FIORENZA;Scontro laterale fra veicoli in marcia;Rettilineo;Due carreggiate;Asciutto;Asfaltata;Verticale ed orizzontale;Sereno;Normale;Sufficiente;Sufficiente;0;0;0;2;12,50924;41,93095;-1;2;Autovettura privata;In marcia / fermata / arresto;Conducente;F;Illeso;0;;Non accertato;Inesploso
3663209;4;30/01/2018 07:20;Statale;VIA SALARIA;in corrispondenza;;della chilometrica;18.65;;Scontro laterale fra veicoli in marcia;Rettilineo;Una carreggiata a doppio senso;Asciutto;Asfaltata;Verticale ed orizzontale;Sereno;Normale;Sufficiente;Ore Diurne;1;0;0;1;12,51783;41,98705;-1;1;Autovettura privata;In marcia / fermata / arresto;Conducente;M;Illeso;0;;Non accertato;Inesploso
3663209;4;30/01/2018 07:20;Statale;VIA SALARIA;in corrispondenza;;della chilometrica;18.65;;Scontro laterale fra veicoli in marcia;Rettilineo;Una carreggiata a doppio senso;Asciutto;Asfaltata;Verticale ed orizzontale;Sereno;Normale;Sufficiente;Ore Diurne;1;0;0;1;12,51783;41,98705;-1;2;Motociclo a solo;In marcia / fermata / arresto;Conducente;M;Rimandato;0;NON DECEDUTO;Non accertato;
3663210;7;30/01/2018 08:50;Strada Urbana;VIALE PALMIRO TOGLIATTI;in corrispondenza;;del civico n.;449;;Scontro laterale fra veicoli in marcia;Rettilineo;Due carreggiate;Asciutto;Asfaltata;Verticale ed orizzontale;Sereno;Intenso;Buona;Ore Diurne;0;0;0;2;12,56779;41,86959;-1;1;Autovettura privata;In marcia / fermata / arresto;Conducente;M;Illeso;0;;Non accertato;Inesploso
3663210;7;30/01/2018 08:50;Strada Urbana;VIALE PALMIRO TOGLIATTI;in corrispondenza;;del civico n.;449;;Scontro laterale fra veicoli in marcia;Rettilineo;Due carreggiate;Asciutto;Asfaltata;Verticale ed orizzontale;Sereno;Intenso;Buona;Ore Diurne;0;0;0;2;12,56779;41,86959;-1;2;Autovettura privata;In marcia / fermata / arresto;Conducente;F;Illeso;0;;Non accertato;Inesploso
3663222;9;31/01/2018 08:00;Strada Urbana;VIA LA SPEZIA;all'intersezione semaforizzata con;VIA MONZA;VIA MONZA;;;Scontro laterale fra veicoli in marcia;Intersezione semaforizzata;Una carreggiata a doppio senso;Asciutto;Asfaltata;Verticale ed orizzontale;Sereno;Intenso;Buona;Ore Diurne;1;0;0;1;12,51543;41,88634;-1;1;Autocarro superiore 35 q.;In marcia / fermata / arresto;Conducente;M;Illeso;0;;Utilizzato;Inesploso
3663222;9;31/01/2018 08:00;Strada Urbana;VIA LA SPEZIA;all'intersezione semaforizzata con;VIA MONZA;VIA MONZA;;;Scontro laterale fra veicoli in marcia;Intersezione semaforizzata;Una carreggiata a doppio senso;Asciutto;Asfaltata;Verticale ed orizzontale;Sereno;Intenso;Buona;Ore Diurne;1;0;0;1;12,51543;41,88634;-1;2;Autovettura privata;In marcia / fermata / arresto;Conducente;M;Rimandato;0;NON DECEDUTO;Non accertato;Inesploso
3663226;12;29/01/2018 15:30;Provinciale;VIA ARDEATINA;all'intersezione con;VIA DELLA SOLFARATA;VIA DELLA SOLFARATA;;;Tamponamento;Rotatoria;Una carreggiata a doppio senso;Asciutto;Asfaltata;Verticale ed orizzontale;Sereno;Normale;Buona;Ore Diurne;0;0;0;3;12,57462;41,71455;-1;1;Autovettura privata;In marcia / fermata / arresto;Conducente;F;Illeso;0;;Utilizzato;Inesploso
3663226;12;29/01/2018 15:30;Provinciale;VIA ARDEATINA;all'intersezione con;VIA DELLA SOLFARATA;VIA DELLA SOLFARATA;;;Tamponamento;Rotatoria;Una carreggiata a doppio senso;Asciutto;Asfaltata;Verticale ed orizzontale;Sereno;Normale;Buona;Ore Diurne;0;0;0;3;12,57462;41,71455;-1;2;Autovettura privata;In marcia / fermata / arresto;Conducente;F;Illeso;0;;Utilizzato;Inesploso
3663226;12;29/01/2018 15:30;Provinciale;VIA ARDEATINA;all'intersezione con;VIA DELLA SOLFARATA;VIA DELLA SOLFARATA;;;Tamponamento;Rotatoria;Una carreggiata a doppio senso;Asciutto;Asfaltata;Verticale ed orizzontale;Sereno;Normale;Buona;Ore Diurne;0;0;0;3;12,57462;41,71455;-1;2;Autovettura privata;In marcia / fermata / arresto;Passeggero;F;Illeso;0;;Utilizzato;Inesploso
3663232;12;31/01/2018 09:00;Statale entro l'abitato;VIA PONTINA;all'intersezione con;VIA GIOVANNI TIMEUS;VIA GIOVANNI TIMEUS;;;Scontro frontale/laterale SX fra veicoli in marcia;Incrocio;Una carreggiata a doppio senso;Asciutto;Asfaltata;Verticale ed orizzontale;Sereno;Intenso;Buona;Ore Diurne;0;0;0;3;12,44467;41,77845;-1;1;Autovettura privata;In marcia / fermata / arresto;Conducente;F;Illeso;0;;Utilizzato;Inesploso
3663232;12;31/01/2018 09:00;Statale entro l'abitato;VIA PONTINA;all'intersezione con;VIA GIOVANNI TIMEUS;VIA GIOVANNI TIMEUS;;;Scontro frontale/laterale SX fra veicoli in marcia;Incrocio;Una carreggiata a doppio senso;Asciutto;Asfaltata;Verticale ed orizzontale;Sereno;Intenso;Buona;Ore Diurne;0;0;0;3;12,44467;41,77845;-1;1;Autovettura privata;In marcia / fermata / arresto;Passeggero;F;Illeso;0;;Non accertato;Inesploso
3663232;12;31/01/2018 09:00;Statale entro l'abitato;VIA PONTINA;all'intersezione con;VIA GIOVANNI TIMEUS;VIA GIOVANNI TIMEUS;;;Scontro frontale/laterale SX fra veicoli in marcia;Incrocio;Una carreggiata a doppio senso;Asciutto;Asfaltata;Verticale ed orizzontale;Sereno;Intenso;Buona;Ore Diurne;0;0;0;3;12,44467;41,77845;-1;2;Autovettura privata;In marcia / fermata / arresto;Conducente;M;Illeso;0;;Non accertato;Inesploso
3663251;5;31/01/2018 09:30;Strada Urbana;VIA TIBURTINA;da specificare;;;;dir. Roma Centro alt. GRA (rampa usc. anello int.);Scontro laterale fra veicoli in marcia;Rettilineo;Una carreggiata a doppio senso;Asciutto;Asfaltata;Verticale ed orizzontale;Nuvoloso;Normale;Buona;Ore Diurne;0;0;0;2;12,60065;41,93328;-1;1;Autovettura privata;In marcia / fermata / arresto;Conducente;M;Illeso;0;;Non accertato;Inesploso
3663251;5;31/01/2018 09:30;Strada Urbana;VIA TIBURTINA;da specificare;;;;dir. Roma Centro alt. GRA (rampa usc. anello int.);Scontro laterale fra veicoli in marcia;Rettilineo;Una carreggiata a doppio senso;Asciutto;Asfaltata;Verticale ed orizzontale;Nuvoloso;Normale;Buona;Ore Diurne;0;0;0;2;12,60065;41,93328;-1;2;Autocarro inferiore 35 q.;In marcia / fermata / arresto;Conducente;M;Illeso;0;;Non accertato;Inesploso
3663284;12;28/01/2018 16:00;Provinciale;VIA DELLA SOLFARATA;in corrispondenza;;della chilometrica;10.5;;Veicolo in marcia contro ostacolo fisso;Rettilineo;Una carreggiata a doppio senso;Asciutto;Asfaltata;Verticale ed orizzontale;Sereno;Scarso;Buona;Ore Diurne;0;0;0;4;12,54361;41,70424;-1;1;Autovettura privata;In marcia / fermata / arresto;Passeggero;F;Illeso;0;;Non accertato;Inesploso
3663284;12;28/01/2018 16:00;Provinciale;VIA DELLA SOLFARATA;in corrispondenza;;della chilometrica;10.5;;Veicolo in marcia contro ostacolo fisso;Rettilineo;Una carreggiata a doppio senso;Asciutto;Asfaltata;Verticale ed orizzontale;Sereno;Scarso;Buona;Ore Diurne;0;0;0;4;12,54361;41,70424;-1;1;Autovettura privata;In marcia / fermata / arresto;Passeggero;M;Illeso;0;;Non accertato;Inesploso
3663284;12;28/01/2018 16:00;Provinciale;VIA DELLA SOLFARATA;in corrispondenza;;della chilometrica;10.5;;Veicolo in marcia contro ostacolo fisso;Rettilineo;Una carreggiata a doppio senso;Asciutto;Asfaltata;Verticale ed orizzontale;Sereno;Scarso;Buona;Ore Diurne;0;0;0;4;12,54361;41,70424;-1;1;Autovettura privata;In marcia / fermata / arresto;Passeggero;F;Illeso;0;;Non accertato;Inesploso
3663284;12;28/01/2018 16:00;Provinciale;VIA DELLA SOLFARATA;in corrispondenza;;della chilometrica;10.5;;Veicolo in marcia contro ostacolo fisso;Rettilineo;Una carreggiata a doppio senso;Asciutto;Asfaltata;Verticale ed orizzontale;Sereno;Scarso;Buona;Ore Diurne;0;0;0;4;12,54361;41,70424;-1;1;Autovettura privata;In marcia / fermata / arresto;Conducente;M;Illeso;0;;Non accertato;Inesploso
3663302;12;26/01/2018 15:30;Strada Urbana;VIALE DI VAL FIORITA;all'intersezione con;VIALE EGEO;VIALE EGEO;;;Scontro laterale fra veicoli in marcia;Incrocio;Una carreggiata a doppio senso;Asciutto;Asfaltata;Verticale ed orizzontale;Sereno;Intenso;Buona;Ore Diurne;0;0;0;2;12,4644;41,83935;-1;1;Autovettura privata;In marcia / fermata / arresto;Conducente;M;Illeso;0;;Non accertato;Inesploso
3663302;12;26/01/2018 15:30;Strada Urbana;VIALE DI VAL FIORITA;all'intersezione con;VIALE EGEO;VIALE EGEO;;;Scontro laterale fra veicoli in marcia;Incrocio;Una carreggiata a doppio senso;Asciutto;Asfaltata;Verticale ed orizzontale;Sereno;Intenso;Buona;Ore Diurne;0;0;0;2;12,4644;41,83935;-1;2;Autovettura privata;In marcia / fermata / arresto;Conducente;F;Illeso;0;;Non accertato;Inesploso
3663355;4;30/01/2018 10:40;Strada Urbana;VIALE JONIO;in corrispondenza;;del civico n.;151;;Investimento di pedone;Rettilineo;Due carreggiate;Asciutto;Asfaltata;Verticale ed orizzontale;Sereno;Normale;Buona;Ore Diurne;0;0;0;2;12,53588;41,9439;-1;;;;Pedone;M;Illeso;0;;;
3663355;4;30/01/2018 10:40;Strada Urbana;VIALE JONIO;in corrispondenza;;del civico n.;151;;Investimento di pedone;Rettilineo;Due carreggiate;Asciutto;Asfaltata;Verticale ed orizzontale;Sereno;Normale;Buona;Ore Diurne;0;0;0;2;12,53588;41,9439;-1;1;Autovettura privata;In marcia / fermata / arresto;Conducente;M;Illeso;0;;Non accertato;Inesploso
3663359;17;31/01/2018 08:15;Strada Urbana;VIA GIOVANNI VITELLESCHI;all'intersezione con;VIA DEI BASTIONI;VIA DEI BASTIONI;;;Scontro frontale/laterale DX fra veicoli in marcia;Incrocio;Una carreggiata a senso unico di marcia;Asciutto;Asfaltata;Verticale ed orizzontale;Nuvoloso;Normale;Sufficiente;Ore Diurne;1;0;0;2;12,46203;41,90458;-1;1;Autovettura privata;In marcia / fermata / arresto;Conducente;F;Illeso;0;;Non accertato;Inesploso
3663359;17;31/01/2018 08:15;Strada Urbana;VIA GIOVANNI VITELLESCHI;all'intersezione con;VIA DEI BASTIONI;VIA DEI BASTIONI;;;Scontro frontale/laterale DX fra veicoli in marcia;Incrocio;Una carreggiata a senso unico di marcia;Asciutto;Asfaltata;Verticale ed orizzontale;Nuvoloso;Normale;Sufficiente;Ore Diurne;1;0;0;2;12,46203;41,90458;-1;2;Motociclo con passeggero;In marcia / fermata / arresto;Conducente;F;Rimandato;0;NON DECEDUTO;Non accertato;
3663359;17;31/01/2018 08:15;Strada Urbana;VIA GIOVANNI VITELLESCHI;all'intersezione con;VIA DEI BASTIONI;VIA DEI BASTIONI;;;Scontro frontale/laterale DX fra veicoli in marcia;Incrocio;Una carreggiata a senso unico di marcia;Asciutto;Asfaltata;Verticale ed orizzontale;Nuvoloso;Normale;Sufficiente;Ore Diurne;1;0;0;2;12,46203;41,90458;-1;2;Motociclo con passeggero;In marcia / fermata / arresto;Passeggero;M;Illeso;0;;Non accertato;
3663371;17;31/01/2018 09:30;Strada Urbana;VIALE GIUSEPPE MAZZINI;all'intersezione con;VIA GIUNIO BAZZONI;VIA GIUNIO BAZZONI;;;Scontro laterale fra veicoli in marcia;Incrocio;Due carreggiate;Asciutto;Asfaltata;Verticale ed orizzontale;Nuvoloso;Normale;Buona;Ore Diurne;1;0;0;1;12,45912;41,91497;-1;1;Autocarro inferiore 35 q.;In marcia / fermata / arresto;Conducente;M;Illeso;0;;Non accertato;
3663371;17;31/01/2018 09:30;Strada Urbana;VIALE GIUSEPPE MAZZINI;all'intersezione con;VIA GIUNIO BAZZONI;VIA GIUNIO BAZZONI;;;Scontro laterale fra veicoli in marcia;Incrocio;Due carreggiate;Asciutto;Asfaltata;Verticale ed orizzontale;Nuvoloso;Normale;Buona;Ore Diurne;1;0;0;1;12,45912;41,91497;-1;2;Motociclo a solo;In marcia / fermata / arresto;Conducente;F;Rimandato;0;NON DECEDUTO;Non accertato;
3663376;4;30/01/2018 09:45;Strada Urbana;VIA DOMENICO COMPARETTI;da specificare;;;;f.c. 45;Scontro laterale fra veicoli in marcia;Rettilineo;Una carreggiata a senso unico di marcia;Asciutto;Asfaltata;Verticale;Sereno;Normale;Buona;Ore Diurne;0;0;0;2;12,55133;41,94261;-1;1;Autovettura privata;In marcia / fermata / arresto;Conducente;M;Illeso;0;;;
3663376;4;30/01/2018 09:45;Strada Urbana;VIA DOMENICO COMPARETTI;da specificare;;;;f.c. 45;Scontro laterale fra veicoli in marcia;Rettilineo;Una carreggiata a senso unico di marcia;Asciutto;Asfaltata;Verticale;Sereno;Normale;Buona;Ore Diurne;0;0;0;2;12,55133;41,94261;-1;2;Autovettura privata;In marcia / fermata / arresto;Conducente;M;Illeso;0;;;
3663381;13;31/01/2018 10:15;Strada Urbana;VIA DI ACILIA;da specificare;;;;prossimità via C. Colombo;Tamponamento;Rettilineo;Una carreggiata a doppio senso;Asciutto;Asfaltata;Orizzontale;Nuvoloso;Normale;Buona;Ore Diurne;0;0;0;3;12,37143;41,77369;-1;1;Autovettura privata;In marcia / fermata / arresto;Conducente;F;Illeso;0;;Non accertato;Inesploso
3663381;13;31/01/2018 10:15;Strada Urbana;VIA DI ACILIA;da specificare;;;;prossimità via C. Colombo;Tamponamento;Rettilineo;Una carreggiata a doppio senso;Asciutto;Asfaltata;Orizzontale;Nuvoloso;Normale;Buona;Ore Diurne;0;0;0;3;12,37143;41,77369;-1;1;Autovettura privata;In marcia / fermata / arresto;Passeggero;M;Illeso;0;;Non accertato;Inesploso
3663381;13;31/01/2018 10:15;Strada Urbana;VIA DI ACILIA;da specificare;;;;prossimità via C. Colombo;Tamponamento;Rettilineo;Una carreggiata a doppio senso;Asciutto;Asfaltata;Orizzontale;Nuvoloso;Normale;Buona;Ore Diurne;0;0;0;3;12,37143;41,77369;-1;2;Autovettura privata;In marcia / fermata / arresto;Conducente;M;Illeso;0;;Non accertato;Inesploso
3663394;4;31/01/2018 00:25;Strada Urbana;LARGO VALSOLDA;da specificare;;;;altezza via Nomentana Nuova;Veicolo in marcia contro veicolo in sosta;Rettilineo;Una carreggiata a senso unico di marcia;Asciutto;Asfaltata;Verticale;Sereno;Scarso;Buona;Sufficiente;0;0;0;3;12,53192;41,93485;-1;1;Autovettura privata;In marcia / fermata / arresto;Conducente;M;Illeso;0;;Non accertato;
3663394;4;31/01/2018 00:25;Strada Urbana;LARGO VALSOLDA;da specificare;;;;altezza via Nomentana Nuova;Veicolo in marcia contro veicolo in sosta;Rettilineo;Una carreggiata a senso unico di marcia;Asciutto;Asfaltata;Verticale;Sereno;Scarso;Buona;Sufficiente;0;0;0;3;12,53192;41,93485;-1;1;Autovettura privata;In marcia / fermata / arresto;Passeggero;M;Illeso;0;;Non accertato;
3663394;4;31/01/2018 00:25;Strada Urbana;LARGO VALSOLDA;da specificare;;;;altezza via Nomentana Nuova;Veicolo in marcia contro veicolo in sosta;Rettilineo;Una carreggiata a senso unico di marcia;Asciutto;Asfaltata;Verticale;Sereno;Scarso;Buona;Sufficiente;0;0;0;3;12,53192;41,93485;-1;1;Autovettura privata;In marcia / fermata / arresto;Passeggero;M;Illeso;0;;Non accertato;
3663400;4;30/01/2018 12:30;Strada Urbana;VIALE ADRIATICO;in corrispondenza;;del civico n.;55;;Scontro frontale/laterale SX fra veicoli in marcia;Rettilineo;Una carreggiata a senso unico di marcia;Asciutto;Asfaltata;Orizzontale;Sereno;Normale;Buona;Ore Diurne;0;0;0;4;12,53566;41,93919;-1;1;Autovettura privata;In marcia / fermata / arresto;Conducente;M;Illeso;0;;Non accertato;Inesploso
3663400;4;30/01/2018 12:30;Strada Urbana;VIALE ADRIATICO;in corrispondenza;;del civico n.;55;;Scontro frontale/laterale SX fra veicoli in marcia;Rettilineo;Una carreggiata a senso unico di marcia;Asciutto;Asfaltata;Orizzontale;Sereno;Normale;Buona;Ore Diurne;0;0;0;4;12,53566;41,93919;-1;1;Autovettura privata;In marcia / fermata / arresto;Passeggero;F;Illeso;0;;Non accertato;Inesploso
3663400;4;30/01/2018 12:30;Strada Urbana;VIALE ADRIATICO;in corrispondenza;;del civico n.;55;;Scontro frontale/laterale SX fra veicoli in marcia;Rettilineo;Una carreggiata a senso unico di marcia;Asciutto;Asfaltata;Orizzontale;Sereno;Normale;Buona;Ore Diurne;0;0;0;4;12,53566;41,93919;-1;1;Autovettura privata;In marcia / fermata / arresto;Passeggero;F;Illeso;0;;Non accertato;Inesploso
3663400;4;30/01/2018 12:30;Strada Urbana;VIALE ADRIATICO;in corrispondenza;;del civico n.;55;;Scontro frontale/laterale SX fra veicoli in marcia;Rettilineo;Una carreggiata a senso unico di marcia;Asciutto;Asfaltata;Orizzontale;Sereno;Normale;Buona;Ore Diurne;0;0;0;4;12,53566;41,93919;-1;2;Motociclo a solo;In marcia / fermata / arresto;Conducente;M;Illeso;0;;Non accertato;
3663402;12;29/01/2018 10:30;Strada Urbana;VIA CLARICE TARTUFARI;in prossimità;;del civico n.;2;;Ribaltamento senza urto contro ostacolo fisso;Rettilineo;Una carreggiata a doppio senso;Asciutto;Asfaltata;Verticale;Sereno;Scarso;Buona;Ore Diurne;0;0;0;1;12,43871;41,75733;-1;1;Autovettura privata;In marcia / fermata / arresto;Conducente;M;Illeso;0;;Non accertato;Inesploso
3663406;12;30/01/2018 05:30;Provinciale;VIA PONTINA;da specificare;;;;altezza uscita spinaceto;Veicolo in marcia contro ostacolo accidentale;Rettilineo;Due carreggiate;Asciutto;Asfaltata;Verticale ed orizzontale;Sereno;Normale;Sufficiente;Sufficiente;1;0;0;2;12,45145;41,79035;-1;1;Autoarticolato;In marcia / fermata / arresto;Conducente;M;Illeso;0;;;
3663406;12;30/01/2018 05:30;Provinciale;VIA PONTINA;da specificare;;;;altezza uscita spinaceto;Veicolo in marcia contro ostacolo accidentale;Rettilineo;Due carreggiate;Asciutto;Asfaltata;Verticale ed orizzontale;Sereno;Normale;Sufficiente;Sufficiente;1;0;0;2;12,45145;41,79035;-1;2;Autovettura privata;In marcia / fermata / arresto;Conducente;M;Illeso;0;;;
3663406;12;30/01/2018 05:30;Provinciale;VIA PONTINA;da specificare;;;;altezza uscita spinaceto;Veicolo in marcia contro ostacolo accidentale;Rettilineo;Due carreggiate;Asciutto;Asfaltata;Verticale ed orizzontale;Sereno;Normale;Sufficiente;Sufficiente;1;0;0;2;12,45145;41,79035;-1;2;Autovettura privata;In marcia / fermata / arresto;Passeggero;F;Rimandato;0;NON DECEDUTO;;
3663425;5;31/01/2018 10:35;Strada Urbana;VIA DI GROTTA DI GREGNA;da specificare;;;;in prossimità del civico 41/47 -area servizio Agip;Tamponamento;Rettilineo;Una carreggiata a doppio senso;Asciutto;Asfaltata;Orizzontale;Sereno;Normale;Buona;Ore Diurne;0;0;0;2;12,56471;41,91293;-1;1;Autovettura di polizia;In marcia / fermata / arresto;Conducente;M;Illeso;0;;Non accertato;Inesploso
3663425;5;31/01/2018 10:35;Strada Urbana;VIA DI GROTTA DI GREGNA;da specificare;;;;in prossimità del civico 41/47 -area servizio Agip;Tamponamento;Rettilineo;Una carreggiata a doppio senso;Asciutto;Asfaltata;Orizzontale;Sereno;Normale;Buona;Ore Diurne;0;0;0;2;12,56471;41,91293;-1;2;Autovettura privata;In marcia / fermata / arresto;Conducente;M;Illeso;0;;Non accertato;Inesploso
3663514;12;28/01/2018 17:15;Provinciale;VIA ARDEATINA;all'intersezione con;VIA DI CASTEL DI LEVA;VIA DI CASTEL DI LEVA;;;Scontro frontale/laterale DX fra veicoli in marcia;Incrocio;Una carreggiata a doppio senso;Asciutto;Asfaltata;Verticale ed orizzontale;Nuvoloso;Scarso;Buona;Sufficiente;1;0;0;3;12,53428;41,77731;-1;1;Motociclo a solo;In marcia / fermata / arresto;Conducente;M;Illeso;0;;Utilizzato;
3663514;12;28/01/2018 17:15;Provinciale;VIA ARDEATINA;all'intersezione con;VIA DI CASTEL DI LEVA;VIA DI CASTEL DI LEVA;;;Scontro frontale/laterale DX fra veicoli in marcia;Incrocio;Una carreggiata a doppio senso;Asciutto;Asfaltata;Verticale ed orizzontale;Nuvoloso;Scarso;Buona;Sufficiente;1;0;0;3;12,53428;41,77731;-1;1;Motociclo a solo;In marcia / fermata / arresto;Passeggero;F;Rimandato;0;NON DECEDUTO;Utilizzato;
3663514;12;28/01/2018 17:15;Provinciale;VIA ARDEATINA;all'intersezione con;VIA DI CASTEL DI LEVA;VIA DI CASTEL DI LEVA;;;Scontro frontale/laterale DX fra veicoli in marcia;Incrocio;Una carreggiata a doppio senso;Asciutto;Asfaltata;Verticale ed orizzontale;Nuvoloso;Scarso;Buona;Sufficiente;1;0;0;3;12,53428;41,77731;-1;2;Autovettura privata;In marcia / fermata / arresto;Conducente;M;Illeso;0;;Non accertato;Inesploso
3663514;12;28/01/2018 17:15;Provinciale;VIA ARDEATINA;all'intersezione con;VIA DI CASTEL DI LEVA;VIA DI CASTEL DI LEVA;;;Scontro frontale/laterale DX fra veicoli in marcia;Incrocio;Una carreggiata a doppio senso;Asciutto;Asfaltata;Verticale ed orizzontale;Nuvoloso;Scarso;Buona;Sufficiente;1;0;0;3;12,53428;41,77731;-1;2;Autovettura privata;In marcia / fermata / arresto;Passeggero;F;Illeso;0;;;