Protocollo;Gruppo;DataOraIncidente;Localizzazione1;STRADA1;Localizzazione2;STRADA2;Strada02;Chilometrica;DaSpecificare;NaturaIncidente;particolaritastrade;TipoStrada;FondoStradale;Pavimentazione;Segnaletica;CondizioneAtmosferica;Traffico;Visibilita;Illuminazione;NUM_FERITI;NUM_RISERVATA;NUM_MORTI;NUM_ILLESI;Longitudine;Latitudine;Confermato;Progressivo;TipoVeicolo;StatoVeicolo;TipoPersona;Sesso;Tipolesione;Deceduto;DecedutoDopo;CinturaCascoUtilizzato;Airbag
3664864;18;31/01/2018 11:40;Strada Urbana;PIAZZA DEI GIURECONSULTI;all'intersezione semaforizzata con;CIRCONVALLAZIONE CORNELIA;CIRCONVALLAZIONE CORNELIA;;;Scontro frontale/laterale SX fra veicoli in marcia;Intersezione semaforizzata;Più di due carreggiate;Asciutto;Asfaltata;Verticale ed orizzontale;Sereno;Normale;Buona;Ore Diurne;1;0;0;1;12,42563;41,90195;-1;2;Motociclo a solo;In marcia / fermata / arresto;Conducente;M;Rifiuta cure immediate;0;NON DECEDUTO;;
3664887;4;31/01/2018 13:00;Strada Urbana;VIA VILLA DI FAONTE;all'intersezione con;VIA PASSO DEL TURCHINO;VIA PASSO DEL TURCHINO;;;Scontro frontale/laterale DX fra veicoli in marcia;Incrocio;Una carreggiata a doppio senso;Asciutto;Asfaltata;Verticale ed orizzontale;Nuvoloso;Normale;Buona;Ore Diurne;0;0;0;2;12,53765;41,94992;-1;1;Autovettura privata;In marcia / fermata / arresto;Conducente;M;Illeso;0;;Non accertato;Inesploso
3664887;4;31/01/2018 13:00;Strada Urbana;VIA VILLA DI FAONTE;all'intersezione con;VIA PASSO DEL TURCHINO;VIA PASSO DEL TURCHINO;;;Scontro frontale/laterale DX fra veicoli in marcia;Incrocio;Una carreggiata a doppio senso;Asciutto;Asfaltata;Verticale ed orizzontale;Nuvoloso;Normale;Buona;Ore Diurne;0;0;0;2;12,53765;41,94992;-1;2;Autovettura privata;In marcia / fermata / arresto;Conducente;M;Illeso;0;;Non accertato;Inesploso
3664906;12;29/01/2018 17:00;Provinciale;VIA ARDEATINA;da specificare;;;;civ. 950 direzione fuori Roma;Scontro frontale/laterale DX fra veicoli in marcia;Rettilineo;Una carreggiata a doppio senso;Asciutto;Asfaltata;Verticale;Sereno;Intenso;Buona;Ore Diurne;0;0;0;4;12,5154;41,78678;-1;1;Autovettura privata;In marcia / fermata / arresto;Conducente;M;Illeso;0;;Utilizzato;Inesploso
3664906;12;29/01/2018 17:00;Provinciale;VIA ARDEATINA;da specificare;;;;civ. 950 direzione fuori Roma;Scontro frontale/laterale DX fra veicoli in marcia;Rettilineo;Una carreggiata a doppio senso;Asciutto;Asfaltata;Verticale;Sereno;Intenso;Buona;Ore Diurne;0;0;0;4;12,5154;41,78678;-1;1;Autovettura privata;In marcia / fermata / arresto;Passeggero;F;Illeso;0;;Utilizzato;Inesploso
3664906;12;29/01/2018 17:00;Provinciale;VIA ARDEATINA;da specificare;;;;civ. 950 direzione fuori Roma;Scontro frontale/laterale DX fra veicoli in marcia;Rettilineo;Una carreggiata a doppio senso;Asciutto;Asfaltata;Verticale;Sereno;Intenso;Buona;Ore Diurne;0;0;0;4;12,5154;41,78678;-1;1;Autovettura privata;In marcia / fermata / arresto;Passeggero;F;Illeso;0;;;
3664906;12;29/01/2018 17:00;Provinciale;VIA ARDEATINA;da specificare;;;;civ. 950 direzione fuori Roma;Scontro frontale/laterale DX fra veicoli in marcia;Rettilineo;Una carreggiata a doppio senso;Asciutto;Asfaltata;Verticale;Sereno;Intenso;Buona;Ore Diurne;0;0;0;4;12,5154;41,78678;-1;2;Autoarticolato;In marcia / fermata / arresto;Conducente;M;Illeso;0;;;Inesploso
3664942;18;31/01/2018 15:00;Strada Urbana;VIA DI CASAL SELCE;in corrispondenza;;del civico n.;213;;Tamponamento;Rettilineo;Una carreggiata a doppio senso;Asciutto;Asfaltata;Orizzontale;Sereno;Scarso;Buona;Ore Diurne;3;0;0;0;12,34477;41,90247;-1;1;Autovettura privata;In marcia / fermata / arresto;Conducente;M;Rifiuta cure immediate;0;NON DECEDUTO;Non accertato;Inesploso
3664942;18;31/01/2018 15:00;Strada Urbana;VIA DI CASAL SELCE;in corrispondenza;;del civico n.;213;;Tamponamento;Rettilineo;Una carreggiata a doppio senso;Asciutto;Asfaltata;Orizzontale;Sereno;Scarso;Buona;Ore Diurne;3;0;0;0;12,34477;41,90247;-1;2;Autovettura privata;In marcia / fermata / arresto;Conducente;M;Rimandato;0;NON DECEDUTO;Non accertato;Inesploso
3664942;18;31/01/2018 15:00;Strada Urbana;VIA DI CASAL SELCE;in corrispondenza;;del civico n.;213;;Tamponamento;Rettilineo;Una carreggiata a doppio senso;Asciutto;Asfaltata;Orizzontale;Sereno;Scarso;Buona;Ore Diurne;3;0;0;0;12,34477;41,90247;-1;2;Autovettura privata;In marcia / fermata / arresto;Passeggero;M;Rimandato;0;NON DECEDUTO;Non accertato;Inesploso
3664951;18;31/01/2018 19:20;Strada Urbana;VIA DI BOCCEA;in prossimità;;del civico n.;271;;Investimento di pedone;Rettilineo;Una carreggiata a doppio senso;Asciutto;Asfaltata;Verticale ed orizzontale;Sereno;Normale;Buona;Insufficiente;2;0;0;0;12,41526;41,90329;-1;;;;Pedone;M;Ricoverato;0;NON DECEDUTO;;
3664951;18;31/01/2018 19:20;Strada Urbana;VIA DI BOCCEA;in prossimità;;del civico n.;271;;Investimento di pedone;Rettilineo;Una carreggiata a doppio senso;Asciutto;Asfaltata;Verticale ed orizzontale;Sereno;Normale;Buona;Insufficiente;2;0;0;0;12,41526;41,90329;-1;1;Motociclo a solo;In marcia / fermata / arresto;Conducente;F;Rimandato;0;NON DECEDUTO;;
3664984;4;31/01/2018 10:15;Statale;VIA SALARIA;all'intersezione con;VIA DEI PRATI FISCALI;VIA DEI PRATI FISCALI;;;Scontro laterale fra veicoli in marcia;Intersezione stradale segnalata;Due carreggiate;Asciutto;Asfaltata;Verticale ed orizzontale;Sereno;Intenso;Buona;Ore Diurne;0;0;0;3;12,51724;41,98601;-1;1;Autovettura privata;In marcia / fermata / arresto;Conducente;F;Illeso;0;;;
3664984;4;31/01/2018 10:15;Statale;VIA SALARIA;all'intersezione con;VIA DEI PRATI FISCALI;VIA DEI PRATI FISCALI;;;Scontro laterale fra veicoli in marcia;Intersezione stradale segnalata;Due carreggiate;Asciutto;Asfaltata;Verticale ed orizzontale;Sereno;Intenso;Buona;Ore Diurne;0;0;0;3;12,51724;41,98601;-1;1;Autovettura privata;In marcia / fermata / arresto;Passeggero;M;Illeso;0;;;
3664984;4;31/01/2018 10:15;Statale;VIA SALARIA;all'intersezione con;VIA DEI PRATI FISCALI;VIA DEI PRATI FISCALI;;;Scontro laterale fra veicoli in marcia;Intersezione stradale segnalata;Due carreggiate;Asciutto;Asfaltata;Verticale ed orizzontale;Sereno;Intenso;Buona;Ore Diurne;0;0;0;3;12,51724;41,98601;-1;2;Autocarro inferiore 35 q.;In marcia / fermata / arresto;Conducente;M;Illeso;0;;;
3664993;8;31/01/2018 14:30;Strada Urbana;VIA DEL FUOCO SACRO;all'intersezione con;VIA DI TOR BELLA MONACA;VIA DI TOR BELLA MONACA;;;Scontro frontale/laterale SX fra veicoli in marcia;Intersezione non regolata/non segnalata;Una carreggiata a doppio senso;Asciutto;Asfaltata;Verticale ed orizzontale;Sereno;Normale;Buona;Ore Diurne;0;0;0;3;12,63993;41,86448;-1;1;Autovettura privata;In marcia / fermata / arresto;Conducente;M;Illeso;0;;Non accertato;Inesploso
3664993;8;31/01/2018 14:30;Strada Urbana;VIA DEL FUOCO SACRO;all'intersezione con;VIA DI TOR BELLA MONACA;VIA DI TOR BELLA MONACA;;;Scontro frontale/laterale SX fra veicoli in marcia;Intersezione non regolata/non segnalata;Una carreggiata a doppio senso;Asciutto;Asfaltata;Verticale ed orizzontale;Sereno;Normale;Buona;Ore Diurne;0;0;0;3;12,63993;41,86448;-1;2;Autovettura privata;In marcia / fermata / arresto;Conducente;M;Illeso;0;;Non accertato;Inesploso
3664993;8;31/01/2018 14:30;Strada Urbana;VIA DEL FUOCO SACRO;all'intersezione con;VIA DI TOR BELLA MONACA;VIA DI TOR BELLA MONACA;;;Scontro frontale/laterale SX fra veicoli in marcia;Intersezione non regolata/non segnalata;Una carreggiata a doppio senso;Asciutto;Asfaltata;Verticale ed orizzontale;Sereno;Normale;Buona;Ore Diurne;0;0;0;3;12,63993;41,86448;-1;2;Autovettura privata;In marcia / fermata / arresto;Passeggero;F;Illeso;0;;Non accertato;Inesploso
3665088;12;30/01/2018 05:35;Provinciale;VIA PONTINA;da specificare;;;;dir Roma alt uscita Spinaceto (alt. km.13,600);Veicolo in marcia contro ostacolo accidentale;Rettilineo;Due carreggiate;Asciutto;Asfaltata;Verticale ed orizzontale;Sereno;Scarso;Sufficiente;Sufficiente;0;0;0;2;12,44459;41,77691;-1;1;Autocarro superiore 35 q.;In marcia / fermata / arresto;Conducente;M;Illeso;0;;;
3665088;12;30/01/2018 05:35;Provinciale;VIA PONTINA;da specificare;;;;dir Roma alt uscita Spinaceto (alt. km.13,600);Veicolo in marcia contro ostacolo accidentale;Rettilineo;Due carreggiate;Asciutto;Asfaltata;Verticale ed orizzontale;Sereno;Scarso;Sufficiente;Sufficiente;0;0;0;2;12,44459;41,77691;-1;2;Autovettura privata;In marcia / fermata / arresto;Conducente;M;Illeso;0;;;
3665117;12;30/01/2018 05:36;Provinciale;VIA PONTINA;da specificare;;;;dir. Roma alt. uscita Spinaceto km. 13,600;Veicolo in marcia contro ostacolo accidentale;Rettilineo;Due carreggiate;Asciutto;Asfaltata;Verticale ed orizzontale;Sereno;Scarso;Sufficiente;Sufficiente;0;0;0;2;12,44974;41,79099;-1;1;Autocarro superiore 35 q.;In marcia / fermata / arresto;Conducente;M;Illeso;0;;;
3665117;12;30/01/2018 05:36;Provinciale;VIA PONTINA;da specificare;;;;dir. Roma alt. uscita Spinaceto km. 13,600;Veicolo in marcia contro ostacolo accidentale;Rettilineo;Due carreggiate;Asciutto;Asfaltata;Verticale ed orizzontale;Sereno;Scarso;Sufficiente;Sufficiente;0;0;0;2;12,44974;41,79099;-1;2;Autovettura privata;In marcia / fermata / arresto;Conducente;M;Illeso;0;;;
3665123;16;31/01/2018 15:20;Strada Urbana;VIA SILVESTRI;da specificare;;;;FRONTE CIVICO 20;Tamponamento;Pendenza;Una carreggiata a doppio senso;Asciutto;Asfaltata;Verticale ed orizzontale;Nuvoloso;Normale;Buona;Ore Diurne;2;0;0;0;12,43265;41,87793;-1;1;Autovettura privata;In marcia / fermata / arresto;Conducente;F;Rimandato;0;NON DECEDUTO;Non accertato;
3665123;16;31/01/2018 15:20;Strada Urbana;VIA SILVESTRI;da specificare;;;;FRONTE CIVICO 20;Tamponamento;Pendenza;Una carreggiata a doppio senso;Asciutto;Asfaltata;Verticale ed orizzontale;Nuvoloso;Normale;Buona;Ore Diurne;2;0;0;0;12,43265;41,87793;-1;2;Autovettura privata;In marcia / fermata / arresto;Conducente;F;Rimandato;0;NON DECEDUTO;Non accertato;
3665137;12;30/01/2018 05:37;Provinciale;VIA PONTINA;da specificare;;;;dir. Roma alt. uscita Spinaceto alt. km 13.600;Veicolo in marcia contro ostacolo accidentale;Rettilineo;Due carreggiate;Asciutto;Asfaltata;Verticale ed orizzontale;Sereno;Scarso;Sufficiente;Sufficiente;0;0;0;2;12,45218;41,79401;-1;1;Autocarro superiore 35 q.;In marcia / fermata / arresto;Conducente;M;Illeso;0;;Non accertato;Inesploso
3665137;12;30/01/2018 05:37;Provinciale;VIA PONTINA;da specificare;;;;dir. Roma alt. uscita Spinaceto alt. km 13.600;Veicolo in marcia contro ostacolo accidentale;Rettilineo;Due carreggiate;Asciutto;Asfaltata;Verticale ed orizzontale;Sereno;Scarso;Sufficiente;Sufficiente;0;0;0;2;12,45218;41,79401;-1;2;Autovettura privata;In marcia / fermata / arresto;Conducente;M;Illeso;0;;Non accertato;Inesploso
3665220;16;31/01/2018 17:20;Strada Urbana;CIRCONVALLAZIONE GIANICOLENSE;da specificare;;;;civ.87 in corrispondenza semaforo pedonale;Tamponamento;Rettilineo;Più di due carreggiate;Asciutto;Asfaltata;Verticale ed orizzontale;Nuvoloso;Normale;Buona;Ore Diurne;1;0;0;2;12,44956;41,87247;-1;1;Motociclo a solo;In marcia / fermata / arresto;Conducente;M;Rimandato;0;NON DECEDUTO;Non accertato;
3665220;16;31/01/2018 17:20;Strada Urbana;CIRCONVALLAZIONE GIANICOLENSE;da specificare;;;;civ.87 in corrispondenza semaforo pedonale;Tamponamento;Rettilineo;Più di due carreggiate;Asciutto;Asfaltata;Verticale ed orizzontale;Nuvoloso;Normale;Buona;Ore Diurne;1;0;0;2;12,44956;41,87247;-1;2;Motociclo con passeggero;In marcia / fermata / arresto;Conducente;M;Illeso;0;;Non accertato;
3665220;16;31/01/2018 17:20;Strada Urbana;CIRCONVALLAZIONE GIANICOLENSE;da specificare;;;;civ.87 in corrispondenza semaforo pedonale;Tamponamento;Rettilineo;Più di due carreggiate;Asciutto;Asfaltata;Verticale ed orizzontale;Nuvoloso;Normale;Buona;Ore Diurne;1;0;0;2;12,44956;41,87247;-1;2;Motociclo con passeggero;In marcia / fermata / arresto;Passeggero;M;Illeso;0;;Non accertato;
3665663;6;26/01/2018 14:55;Strada Urbana;VIA PRENESTINA;da specificare;;;;alt. Parco Villa Gordiani dir. GRA;Scontro laterale fra veicoli in marcia;Rettilineo;Più di due carreggiate;Asciutto;Asfaltata;Verticale ed orizzontale;Sereno;Normale;Buona;Ore Diurne;3;0;0;1;12,55191;41,89381;-1;1;Autovettura di polizia;In marcia / fermata / arresto;Conducente;M;Rifiuta cure immediate;0;NON DECEDUTO;Non accertato;Inesploso
3665663;6;26/01/2018 14:55;Strada Urbana;VIA PRENESTINA;da specificare;;;;alt. Parco Villa Gordiani dir. GRA;Scontro laterale fra veicoli in marcia;Rettilineo;Più di due carreggiate;Asciutto;Asfaltata;Verticale ed orizzontale;Sereno;Normale;Buona;Ore Diurne;3;0;0;1;12,55191;41,89381;-1;1;Autovettura di polizia;In marcia / fermata / arresto;Passeggero;M;Rifiuta cure immediate;0;NON DECEDUTO;Non accertato;
3665663;6;26/01/2018 14:55;Strada Urbana;VIA PRENESTINA;da specificare;;;;alt. Parco Villa Gordiani dir. GRA;Scontro laterale fra veicoli in marcia;Rettilineo;Più di due carreggiate;Asciutto;Asfaltata;Verticale ed orizzontale;Sereno;Normale;Buona;Ore Diurne;3;0;0;1;12,55191;41,89381;-1;1;Autovettura di polizia;In marcia / fermata / arresto;Passeggero;M;Rifiuta cure immediate;0;NON DECEDUTO;Non accertato;
3665663;6;26/01/2018 14:55;Strada Urbana;VIA PRENESTINA;da specificare;;;;alt. Parco Villa Gordiani dir. GRA;Scontro laterale fra veicoli in marcia;Rettilineo;Più di due carreggiate;Asciutto;Asfaltata;Verticale ed orizzontale;Sereno;Normale;Buona;Ore Diurne;3;0;0;1;12,55191;41,89381;-1;2;Autovettura privata;In marcia / fermata / arresto;Passeggero;M;Illeso;0;;Non accertato;Inesploso
3666060;1;31/01/2018 12:45;Strada Urbana;PIAZZA VENEZIA;da specificare;;;;corrispondenza VIA DEL CORSOXVIA DEL PLEBISCITO;Scontro frontale/laterale SX fra veicoli in marcia;Rettilineo;Una carreggiata a senso unico di marcia;Asciutto;In cubetti di porfido;Verticale ed orizzontale;Nuvoloso;Normale;Buona;Ore Diurne;0;0;0;2;12,48281;41,89592;-1;1;Motociclo a solo;In marcia / fermata / arresto;Conducente;M;Illeso;0;;;
3666060;1;31/01/2018 12:45;Strada Urbana;PIAZZA VENEZIA;da specificare;;;;corrispondenza VIA DEL CORSOXVIA DEL PLEBISCITO;Scontro frontale/laterale SX fra veicoli in marcia;Rettilineo;Una carreggiata a senso unico di marcia;Asciutto;In cubetti di porfido;Verticale ed orizzontale;Nuvoloso;Normale;Buona;Ore Diurne;0;0;0;2;12,48281;41,89592;-1;2;Autovettura pubblica;In marcia / fermata / arresto;Conducente;M;Illeso;0;;;
3666138;20;31/01/2018 12:00;Provinciale;VIA BRACCIANENSE;da specificare;;;;Km. 10,900;Veicolo in marcia contro ostacolo fisso;Rettilineo;Una carreggiata a doppio senso;Asciutto;Asfaltata;Orizzontale;Nuvoloso;Normale;Buona;Ore Diurne;0;0;0;1;12,35149;42,01862;-1;1;Autocarro inferiore 35 q.;In marcia / fermata / arresto;Conducente;M;Illeso;0;;;
3666224;16;31/01/2018 19:00;Strada Urbana;CIRCONVALLAZIONE GIANICOLENSE;in prossimità;;del civico n.;250A;;Scontro frontale/laterale DX fra veicoli in marcia;Rettilineo;Più di due carreggiate;Asciutto;Asfaltata;Verticale ed orizzontale;Sereno;Normale;Buona;Sufficiente;2;0;0;2;12,44877;41,87335;-1;1;Autovettura privata;In marcia / fermata / arresto;Conducente;M;Illeso;0;;Non accertato;
3666224;16;31/01/2018 19:00;Strada Urbana;CIRCONVALLAZIONE GIANICOLENSE;in prossimità;;del civico n.;250A;;Scontro frontale/laterale DX fra veicoli in marcia;Rettilineo;Più di due carreggiate;Asciutto;Asfaltata;Verticale ed orizzontale;Sereno;Normale;Buona;Sufficiente;2;0;0;2;12,44877;41,87335;-1;1;Autovettura privata;In marcia / fermata / arresto;Passeggero;F;Illeso;0;;Non accertato;
3666224;16;31/01/2018 19:00;Strada Urbana;CIRCONVALLAZIONE GIANICOLENSE;in prossimità;;del civico n.;250A;;Scontro frontale/laterale DX fra veicoli in marcia;Rettilineo;Più di due carreggiate;Asciutto;Asfaltata;Verticale ed orizzontale;Sereno;Normale;Buona;Sufficiente;2;0;0;2;12,44877;41,87335;-1;2;Motociclo a solo;In marcia / fermata / arresto;Conducente;M;Rimandato;0;NON DECEDUTO;;
3666224;16;31/01/2018 19:00;Strada Urbana;CIRCONVALLAZIONE GIANICOLENSE;in prossimità;;del civico n.;250A;;Scontro frontale/laterale DX fra veicoli in marcia;Rettilineo;Più di due carreggiate;Asciutto;Asfaltata;Verticale ed orizzontale;Sereno;Normale;Buona;Sufficiente;2;0;0;2;12,44877;41,87335;-1;3;Autovettura privata;In marcia / fermata / arresto;Conducente;M;Rimandato;0;NON DECEDUTO;;
3666298;12;30/01/2018 05:38;Provinciale;VIA PONTINA;da specificare;;;;dir Roma alt usita Spinaceto alt km 13.600;Veicolo in marcia contro ostacolo accidentale;Rettilineo;Due carreggiate;Asciutto;Asfaltata;Verticale ed orizzontale;Sereno;Scarso;Sufficiente;Sufficiente;0;0;0;2;12,44836;41,79099;-1;1;Autocarro superiore 35 q.;In marcia / fermata / arresto;Conducente;M;Illeso;0;;;
3666298;12;30/01/2018 05:38;Provinciale;VIA PONTINA;da specificare;;;;dir Roma alt usita Spinaceto alt km 13.600;Veicolo in marcia contro ostacolo accidentale;Rettilineo;Due carreggiate;Asciutto;Asfaltata;Verticale ed orizzontale;Sereno;Scarso;Sufficiente;Sufficiente;0;0;0;2;12,44836;41,79099;-1;2;Autovettura privata;In marcia / fermata / arresto;Conducente;M;Illeso;0;;;
3666341;12;30/01/2018 05:39;Provinciale;VIA PONTINA;da specificare;;;;dir Roma alt uscita Spinaceto alt km 13.600;Veicolo in marcia contro ostacolo accidentale;Rettilineo;Due carreggiate;Asciutto;Asfaltata;Verticale ed orizzontale;Sereno;Scarso;Sufficiente;Sufficiente;0;0;0;2;12,44836;41,79407;-1;1;Autocarro superiore 35 q.;In marcia / fermata / arresto;Conducente;M;Illeso;0;;;
3666341;12;30/01/2018 05:39;Provinciale;VIA PONTINA;da specificare;;;;dir Roma alt uscita Spinaceto alt km 13.600;Veicolo in marcia contro ostacolo accidentale;Rettilineo;Due carreggiate;Asciutto;Asfaltata;Verticale ed orizzontale;Sereno;Scarso;Sufficiente;Sufficiente;0;0;0;2;12,44836;41,79407;-1;2;Autovettura privata;In marcia / fermata / arresto;Conducente;M;Illeso;0;;;
3666455;3;30/01/2018 20:30;Strada Urbana;NUOVA CIRCONVALLAZIONE INTERNA;da specificare;;;;sottopasso altezza Largo Camesena;Veicolo in marcia contro ostacolo fisso;Galleria illuminata;Una carreggiata a senso unico di marcia;Asciutto;Asfaltata;Verticale ed orizzontale;Nuvoloso;Normale;Buona;Sufficiente;0;0;0;3;;;0;1;Autocarro inferiore 35 q.;In marcia / fermata / arresto;Conducente;M;Illeso;0;;Non accertato;Inesploso
3666455;3;30/01/2018 20:30;Strada Urbana;NUOVA CIRCONVALLAZIONE INTERNA;da specificare;;;;sottopasso altezza Largo Camesena;Veicolo in marcia contro ostacolo fisso;Galleria illuminata;Una carreggiata a senso unico di marcia;Asciutto;Asfaltata;Verticale ed orizzontale;Nuvoloso;Normale;Buona;Sufficiente;0;0;0;3;;;0;1;Autocarro inferiore 35 q.;In marcia / fermata / arresto;Passeggero;M;Illeso;0;;Non accertato;Inesploso
3666487;3;31/01/2018 08:50;Strada Urbana;LARGO SETTIMIO PASSAMONTI;da specificare;;;;altezza Ingresso Parco De Santis;Tamponamento;Rettilineo;Una carreggiata a senso unico di marcia;Asciutto;Asfaltata;Verticale ed orizzontale;Nuvoloso;Normale;Buona;Ore Diurne;0;0;0;2;12,52147;41,89744;-1;1;Autovettura privata;In marcia / fermata / arresto;Conducente;M;Illeso;0;;Non accertato;Inesploso
3666487;3;31/01/2018 08:50;Strada Urbana;LARGO SETTIMIO PASSAMONTI;da specificare;;;;altezza Ingresso Parco De Santis;Tamponamento;Rettilineo;Una carreggiata a senso unico di marcia;Asciutto;Asfaltata;Verticale ed orizzontale;Nuvoloso;Normale;Buona;Ore Diurne;0;0;0;2;12,52147;41,89744;-1;2;Autobus turistico;In marcia / fermata / arresto;Conducente;M;Illeso;0;;Non accertato;Inesploso
3666848;12;26/01/2018 22:30;Provinciale entro l'abitato;VIA ARDEATINA;da specificare;;;;in prossimità Via Valerio GIACOMINI;Veicolo in marcia contro ostacolo accidentale;Rettilineo;Una carreggiata a doppio senso;Asciutto;Asfaltata;Verticale ed orizzontale;Sereno;Scarso;Sufficiente;Sufficiente;0;0;0;4;12,53737;41,78791;-1;1;Autovettura privata;In marcia / fermata / arresto;Passeggero;F;Illeso;0;;Utilizzato;Inesploso
3666848;12;26/01/2018 22:30;Provinciale entro l'abitato;VIA ARDEATINA;da specificare;;;;in prossimità Via Valerio GIACOMINI;Veicolo in marcia contro ostacolo accidentale;Rettilineo;Una carreggiata a doppio senso;Asciutto;Asfaltata;Verticale ed orizzontale;Sereno;Scarso;Sufficiente;Sufficiente;0;0;0;4;12,53737;41,78791;-1;1;Autovettura privata;In marcia / fermata / arresto;Passeggero;M;Illeso;0;;Utilizzato;Inesploso
3666848;12;26/01/2018 22:30;Provinciale entro l'abitato;VIA ARDEATINA;da specificare;;;;in prossimità Via Valerio GIACOMINI;Veicolo in marcia contro ostacolo accidentale;Rettilineo;Una carreggiata a doppio senso;Asciutto;Asfaltata;Verticale ed orizzontale;Sereno;Scarso;Sufficiente;Sufficiente;0;0;0;4;12,53737;41,78791;-1;1;Autovettura privata;In marcia / fermata / arresto;Passeggero;M;Illeso;0;;Utilizzato;Inesploso
3666848;12;26/01/2018 22:30;Provinciale entro l'abitato;VIA ARDEATINA;da specificare;;;;in prossimità Via Valerio GIACOMINI;Veicolo in marcia contro ostacolo accidentale;Rettilineo;Una carreggiata a doppio senso;Asciutto;Asfaltata;Verticale ed orizzontale;Sereno;Scarso;Sufficiente;Sufficiente;0;0;0;4;12,53737;41,78791;-1;1;Autovettura privata;In marcia / fermata / arresto;Conducente;M;Illeso;0;;Utilizzato;Inesploso
3676378;1;13/01/2018 01:00;Statale entro l'abitato;VIALE GUIDO BACCELLI;da specificare;;;;ALTEZZA LARGO FIORITTO;Veicolo in marcia contro ostacolo accidentale;Pendenza;Più di due carreggiate;Bagnato (pioggia);Sterrata;Orizzontale;Nebbia;Normale;Sufficiente;Ore Diurne;0;0;0;2;12,48974;41,87893;-1;1;Autovettura privata;In marcia / fermata / arresto;Conducente;F;Illeso;0;;;
3676378;1;13/01/2018 01:00;Statale entro l'abitato;VIALE GUIDO BACCELLI;da specificare;;;;ALTEZZA LARGO FIORITTO;Veicolo in marcia contro ostacolo accidentale;Pendenza;Più di due carreggiate;Bagnato (pioggia);Sterrata;Orizzontale;Nebbia;Normale;Sufficiente;Ore Diurne;0;0;0;2;12,48974;41,87893;-1;1;Autovettura privata;In marcia / fermata / arresto;Passeggero;F;Illeso;0;;;
3679754;9;30/01/2018;Strada Urbana;VIA DOMODOSSOLA;in prossimità;;del civico n.;27;;Veicolo in marcia contro veicolo in sosta;Rettilineo;Una carreggiata a senso unico di marcia;Asciutto;Asfaltata;Assente;Sereno;Scarso;Buona;Sufficiente;0;0;0;1;12,51466;41,87986;-1;1;Autovettura privata;In marcia / fermata / arresto;Conducente;M;Illeso;0;;Non accertato;Inesploso
3695544;1;29/01/2018 17:15;Strada Urbana;PIAZZA DELL'EMPORIO;all'intersezione con;VIA MARMORATA;VIA MARMORATA;;;Veicolo in marcia contro ostacolo accidentale;Incrocio;Una carreggiata a doppio senso;Asciutto;Asfaltata;Assente;Sereno;Normale;Buona;Ore Diurne;1;0;0;0;12,47616;41,88293;-1;1;Motociclo a solo;In marcia / fermata / arresto;Conducente;M;Rimandato;0;NON DECEDUTO;;
3705349;1;24/01/2018 17:10;Strada Urbana;PIAZZA DI S. MARCO;da specificare;;;;IN PROSSIMITA' GIARDINI;Veicolo in marcia contro ostacolo fisso;Rettilineo;Una carreggiata a senso unico di marcia;Asciutto;In cubetti di porfido;Verticale ed orizzontale;Sereno;Normale;Buona;Sufficiente;0;0;0;1;12,48142;41,89523;-1;1;Autobus di linea;In marcia / fermata / arresto;Conducente;M;Illeso;0;;Non accertato;
3750886;3;26/01/2018 09:50;;VIA NOMENTANA;in corrispondenza;;del civico n.;49;;Investimento di pedone;;;;;;;;;;1;0;0;1;;;0;;;;Pedone;M;Rifiuta cure immediate;0;NON DECEDUTO;;
3750886;3;26/01/2018 09:50;;VIA NOMENTANA;in corrispondenza;;del civico n.;49;;Investimento di pedone;;;;;;;;;;1;0;0;1;;;0;1;Autovettura privata;In marcia / fermata / arresto;Conducente;M;Illeso;0;;;
3771824;13;16/01/2018 01:27;Strada Urbana;VIA CRISTOFORO COLOMBO;all'intersezione con;VIA DI CASAL PALOCCO;VIA DI CASAL PALOCCO;;;Tamponamento;Intersezione semaforizzata;Più di due carreggiate;Asciutto;Asfaltata;Verticale ed orizzontale;Sereno;Scarso;Buona;Insufficiente;0;0;0;3;12,41155;41,78584;-1;1;Autovettura privata;In marcia / fermata / arresto;Conducente;M;Illeso;0;;;
3771824;13;16/01/2018 01:27;Strada Urbana;VIA CRISTOFORO COLOMBO;all'intersezione con;VIA DI CASAL PALOCCO;VIA DI CASAL PALOCCO;;;Tamponamento;Intersezione semaforizzata;Più di due carreggiate;Asciutto;Asfaltata;Verticale ed orizzontale;Sereno;Scarso;Buona;Insufficiente;0;0;0;3;12,41155;41,78584;-1;2;Autovettura privata;In marcia / fermata / arresto;Conducente;M;Illeso;0;;Non accertato;Inesploso
3771824;13;16/01/2018 01:27;Strada Urbana;VIA CRISTOFORO COLOMBO;all'intersezione con;VIA DI CASAL PALOCCO;VIA DI CASAL PALOCCO;;;Tamponamento;Intersezione semaforizzata;Più di due carreggiate;Asciutto;Asfaltata;Verticale ed orizzontale;Sereno;Scarso;Buona;Insufficiente;0;0;0;3;12,41155;41,78584;-1;2;Autovettura privata;In marcia / fermata / arresto;Passeggero;M;Illeso;0;;Non utilizzato;Inesploso